-- phpMyAdmin SQL Dump
-- version 4.0.10deb1
-- http://www.phpmyadmin.net
--
-- Host: 127.0.0.1
-- Generation Time: May 12, 2017 at 09:45 PM
-- Server version: 5.5.53-0ubuntu0.14.04.1
-- PHP Version: 5.5.9-1ubuntu4.20

SET SQL_MODE = "NO_AUTO_VALUE_ON_ZERO";
SET time_zone = "+00:00";


/*!40101 SET @OLD_CHARACTER_SET_CLIENT=@@CHARACTER_SET_CLIENT */;
/*!40101 SET @OLD_CHARACTER_SET_RESULTS=@@CHARACTER_SET_RESULTS */;
/*!40101 SET @OLD_COLLATION_CONNECTION=@@COLLATION_CONNECTION */;
/*!40101 SET NAMES utf8 */;

--
-- Database: `rpg_equipment_simulator`
--

-- --------------------------------------------------------

--
-- Table structure for table `attribute`
--

CREATE TABLE IF NOT EXISTS `attribute` (
  `attribute_id` int(11) unsigned NOT NULL AUTO_INCREMENT,
  `name` varchar(20) NOT NULL,
  `description` varchar(200) NOT NULL,
  PRIMARY KEY (`attribute_id`)
) ENGINE=InnoDB  DEFAULT CHARSET=latin1 AUTO_INCREMENT=5 ;

--
-- Dumping data for table `attribute`
--

INSERT INTO `attribute` (`attribute_id`, `name`, `description`) VALUES
(1, 'strength', 'Increases power for warriors.'),
(2, 'agility', 'Increases power for hunters.'),
(3, 'intelligence', 'Increases power for mages.'),
(4, 'stamina', 'Increases overall health.');

-- --------------------------------------------------------

--
-- Table structure for table `boss`
--

CREATE TABLE IF NOT EXISTS `boss` (
  `boss_id` int(11) unsigned NOT NULL AUTO_INCREMENT,
  `name` varchar(100) NOT NULL,
  `level` int(11) unsigned NOT NULL,
  `health` int(11) unsigned NOT NULL,
  PRIMARY KEY (`boss_id`)
) ENGINE=InnoDB  DEFAULT CHARSET=latin1 AUTO_INCREMENT=4 ;

--
-- Dumping data for table `boss`
--

INSERT INTO `boss` (`boss_id`, `name`, `level`, `health`) VALUES
(1, 'Gnoll King', 10, 800),
(2, 'Pirate Leader', 20, 1800),
(3, 'Greater Demon', 30, 3000);

-- --------------------------------------------------------

--
-- Table structure for table `equipment`
--

CREATE TABLE IF NOT EXISTS `equipment` (
  `equipment_id` int(11) unsigned NOT NULL AUTO_INCREMENT,
  `name` varchar(100) NOT NULL,
  `image` mediumblob,
  `image_url` varchar(200) NOT NULL,
  `equipment_slot_id` int(11) unsigned NOT NULL,
  PRIMARY KEY (`equipment_id`)
) ENGINE=InnoDB  DEFAULT CHARSET=latin1 AUTO_INCREMENT=25 ;

--
-- Dumping data for table `equipment`
--

INSERT INTO `equipment` (`equipment_id`, `name`, `image`, `image_url`, `equipment_slot_id`) VALUES
(1, 'Grunt''s Sword', 0xffd8ffe000104a46494600010101004800480000ffdb0043000503040404030504040405050506070c08070707070f0b0b090c110f1212110f111113161c1713141a1511111821181a1d1d1f1f1f13172224221e241c1e1f1effdb0043010505050706070e08080e1e1411141e1e1e1e1e1e1e1e1e1e1e1e1e1e1e1e1e1e1e1e1e1e1e1e1e1e1e1e1e1e1e1e1e1e1e1e1e1e1e1e1e1e1e1e1e1e1e1e1e1effc00011080038003803012200021101031101ffc4001c0001000202030100000000000000000000000708010503040602ffc4003210000103030401020403090100000000000102030405061100071221311322083241512333430914152442627291d1f0ffc400190101010101010100000000000000000000000103020405ffc4001f1100030002020203000000000000000000000102031112310421134161ffda000c03010002110311003f00d86db581695476f63d6ee1a422b74c9894aeace381664417082a2f73042d693cf92d592a4f227b1c82621f88cf87a7ec3a4b5785995555cd673c3264a4a5c762e4e015a91ed5a09fd4480013820744fa7f826de68d6e4d362dceb52a9d39c4b50de50e41b2ace1a23ea0a89c7f92877d01265f62bdb23763ad520225d9558754e2298f82b8e94a800eb0a0ac819c8c1fb601e8a81bd91bd14374d4f7bfbb39021d25cdc8db60b936abcaccea7fccfd21c3e52a1e4b593d2be808ce477a81350a34d34d01cb1643f125352a2bee312195871a75b594ad0a07214923b041190469ae3fa69a032951494a924a560e4107c7db57e7e1cb712dcdf3db755817d3cdbd7144678b89715f8b2909f924b6a3fa8904056327209230ac6a826bbb42aa54a89588957a3cd7a154223a1d8efb2ae2b6d63c107ff67405bc8f26e6d98be9fa2d5d0dcb8ceb5c4fa87947a8c4248f724ffa3d7b49efa3dc45f103b6344a7c36b70b6f4bae5a739ff4a54358cb94892403e8abea5b39f6abb1d7127253cbdeb9b94bdd4b4fd79eb0fb9170b9f030394359484992c9f98b6719e392124f638f8d2d02bd50b6e53cc865aa8d32632634da7bea508d518cae8b4af3c5432782c7b9b51faa5452bedcefda334f8bd7d15c34d49dbc7b66ddb70e2de16a3efd52caaa2ff9494b00bb09c2013164004f17527233e1400209c90231d7068674d634d0191a67bef4fa6b1a03bb48aa4ea554d8a8c092e312595852568511e0e7071e475e356036dff866e153dd6db929893027f15a2924b2e9cf123eedabbefe9e3ec4d72d6eaceb86a56b5c312b54b77d37e3ab9293c884bc8cfb9b57f6903fe778d54da239d9612dbb92a16548aadbd5aa5c7a9d2641116ab4c95d34eb615e411f2abbca563c120f7a6dfecded6d477320a9cb8df974779c7bd7b766a56c4d60223adcf7388203a80504f26c83829fb9d6eb759eb6ae3db1b7b70a915484efa45a875660be0be84ba9ed0a48ec96947c60129208c8c1d6d3622bcd3fb7d0dd7df494444bd4f74fb52ec47160a3d64b871c11fbbaca70a3853a1b09f9558f3f9793e384d2ecb8d7b69be8af7f117b5efed2ee3bb6d19c26c37d813603c7f30c752d69487000073050a071d1c6463380d4bdfb412446aad7edba9223b2dce8cdbf027250ef353441438d254703ca5c511d633cc64949c35a453a9db1b4fa2adb885b6b536e21485a494a92a18208f20ebe74d35d81ae68aeb6d3ed3ae3097821c4a8a147dab48f2938efbd34d01646c1dc6a7516e0857152a0d3aa31a4b618934d7fd3e7e88fe8055f22dbc0c1e8287583d284b776fc43d875aa14ab7a65a55a65a79b5223faadc5f44903a3f9c388f1f63838183a69af9397c3c77956fb5fa6cadf1202a9d5ed7ad58b2a2c9a42932c475a913e454cbcebefe30c21b68e0a403cd4558190a208190034d35eee754dd53db6653130b8cad23fffd9, 'http://wow.zamimg.com/images/wow/icons/large/inv_sword_04.jpg', 1),
(2, 'Grunt''s Plate Helm', 0xffd8ffe000104a46494600010101004800480000ffdb0043000503040404030504040405050506070c08070707070f0b0b090c110f1212110f111113161c1713141a1511111821181a1d1d1f1f1f13172224221e241c1e1f1effdb0043010505050706070e08080e1e1411141e1e1e1e1e1e1e1e1e1e1e1e1e1e1e1e1e1e1e1e1e1e1e1e1e1e1e1e1e1e1e1e1e1e1e1e1e1e1e1e1e1e1e1e1e1e1e1e1e1effc00011080038003803012200021101031101ffc4001c0000030100030101000000000000000000000607080203050409ffc40034100002010303020306060007000000000001020304051100062112310741610813142251a123324271819115173362b1c1d1ffc400190100030101010000000000000000000000020304050106ffc4002211000202020202020300000000000000000102000304111221315113224161b1ffda000c03010002110311003f00c6f57515157552d5d5cf2d4544ced24b2cae59e472725989e4924e493aac7b38785e9be2ed2de6f10bbd8e827487dd03d26b2a58652107b05c0cb1c8c023eba9353ac4d511acd218e22e03b85c955cf271e7addde1759aa763ed8db72d9e8a9372ed9b789666b85aba9e69a597f3c8f03f20a80318278c71ae86507ed28c640efdcf23da5b69d8364f8591c741474d157dcea969a392280011205cb85fa2e0748f3e7b9d4169b6553fc3195e257c2f3e5ceb42fb4e6e5dbbbc76cd90edfaaa89fe1ab83cb1c96f9e330e7a79259001e6339c67cfbea5c2e10454cf053c32d4291c6226ce7faefaba8f89892d36b0aaa1b66c89965a3b7592b0adceddfe27b7e7f92ba0e04b0a93feb42d83d2ea33f51824639c859f1a3c3e5d877da636dba4779dbb7687e2acd728f18a9838c820767527a5810391d8671a7ea84b93524b512c70db6913879ea58127d153f51f4d2fefabcd9e5f0efe02c34b3d7c315547f1172ad203231eafc2823fd0bc039007191e9a9ad7ad8e93b9166d75ebeb2554b513d25545554b3c905442e248a58dcaba30390ca4720823208d1aead1a4cca86b5feffb0ef9d8b2ed6bbf87b21b68a5b0d2d3dc0c732fbaaaa851f91d3f2bb91d3dc02dd4359035bd7c36b5d48d97b5edb70885651cb66864a933ca5e41274a31524f75f9b031db03d352e52b71e4bf896e100588326d7ff69b3b9bc3eaeda7bd76ecf6dbc07898cf4aa7a1ca104868db0518fee47eda95d7f89a5d969ecd669679246207c439624f96117827478c937c76e346aaf9912e5252c6380c90a9002757723bf7d38cd352d96aebe976fc36fdb54b48deede6869cb543027e5fc63d5212467b10319cfa8809c55997b32c54b14945315a2b3ee3b9473d46ec0d0cccb9a6a49005741d3927dd775f2e5bbff1a53b8d3b0d9b71e31d334121fdb95c7df545a5ab8a9e776a053348725a6a85f33ddba72727d49fe35f3d876abee17bb5a6393dd523d134b2d4bafe1d3bab06424f91246319f3d5d456e8ac5c6842b28d57fb90ed1ae528559595492a09009f31a34331230f8676587717881b7ec7528ef4f5d73a6a79d5339f76f2287edc8f949e75fa01430de286e57696ed6e928928d4d352c84622a8504b75c63c900e91f6d630f64fafb15b7c7bdb155b838a61505616240459d919622c4f90720fef8d6e8f14aa24a5b1d6d449960b4ae303e98c1ff9d4f90e42112ec3277af730c6ff0080564d4f212c3aeb2699d80cfeafb69937031aaafbeac0a5e49d92645079202a1207d4e327f8d24ef5dc572b63d3d250cdee92780bca3a14f57513f507d7b634e5511196559572a5e18251d3dd09890f07d3eba02dc150fadff668070d6305f3d4e8a61225389a55f714abc9924fccfe88bdc93fd699f65dd1aa3735ad1e9e3a6b553d6a4cb443e62e41cf5cac73d47d3cb8fa6962a4966f9fad987ea7393afb2cd5f150d547535328828606124f33038403b71dc927b01c9f2d15f90f70d195045276e7a92df15eced60f12b71da4c6635a7b9d42c6bd38fc3eb250819ec54a91fbe8d70f13374c9bcb7a5c370488ebf10ca13acfcc51116342dfeee9419efce793a3540f1dcf34fae478f88bca66a6a90ca6486789f208cab2303fd820eb537f9df4dbabc28f82ae2a9775804150a8c7aa46000c907c988eac8f51e47468d2edac38ee371ac28dd4ce9bf2ae0abbd834f20916281222c3b7501cfdf8d545afd6d3454127bf44905053aba06e72100ffafb68d1a0b2b0c008faaf65b19bdcf12edb8ad3480b49233b11958a260ced9fa9eca3efe9a9edf6f75977907bf223850e5214e117ff004fa9e7468d1d68162f2321dce8f89e7468f248b1c6aceec4055519249f21a3468d36493fffd9, 'http://wow.zamimg.com/images/wow/icons/large/inv_helmet_03.jpg', 2),
(3, 'Grunt''s Plate Armor', 0xffd8ffe000104a46494600010101004800480000ffdb0043000503040404030504040405050506070c08070707070f0b0b090c110f1212110f111113161c1713141a1511111821181a1d1d1f1f1f13172224221e241c1e1f1effdb0043010505050706070e08080e1e1411141e1e1e1e1e1e1e1e1e1e1e1e1e1e1e1e1e1e1e1e1e1e1e1e1e1e1e1e1e1e1e1e1e1e1e1e1e1e1e1e1e1e1e1e1e1e1e1e1e1effc00011080038003803012200021101031101ffc4001b00000203010101000000000000000000000006040708050301ffc40035100001030205010604050403000000000001020304051100061221311307142241516108718191153242a1d1163343c152b1f0ffc400190100030101010000000000000000000000020304010005ffc40025110002010401030403000000000000000000010203111221312241b10442517191c1e1ffda000c03010002110311003f00cfd478d021c6a7572a0c0abd4aabde1e5ae728adb4292e14ea29ff00228ee4ea36df82716665a6e4e668d428d2263292f38fc292e396e929c526e841d3c6a1602dc5f1eff0f592e815ba15264e6287dfd2dc87036cbc9ba024ad248d24f9e9e7dcedbe353d3f256479b47543fe92a47414928710db5a11baafe1173a4dfcc1bf3eb8f3dc6f2593da6ff7fcfc1667d18a5c98ff003a7c3a6654c8ebe5786fbc85af78ce1d61b1bee9740dc5c5b4a92950f3bf264654f85ccdf335395f92d539013ab48040f2f095ac0f173b252ae31aea9b93732e4d750de59cc3dfa2496d71a3536b0a52da88e6952d2b4bc9bb8a427404f4d57d89b2d38f07fb31add625392b3d6799d5086ea405d2690d18118ec2e82bd6a7948b80765a2fa412315e4ec4b6465f77b3cc85936ad16973a652e44b4284996253e56b4b68b14a4a6e07889b91a6da5249b8db1c78198f30d4b304e86fd46306b52e44890161e115948f0a41bdb4e9b0093b0dfdf1b26351b27652a7b74da365aa4c165005ecc05ad440d94a52bc4a50f5512719bbe253f0f9997ab1352d88938a129496cd94b405a4a92ab7e649dcd8ec09bf3cf9d5a8aab36d3dbd2ef6fa2ea35dd25a5af251b9beb30eafaaa54ba62a9afb294488f2cbe7bc95234f8ce9210827f359005ac39b6c614190a7223bd352d00324db55efea3f7c18b68fa784238f297cefc92d4aae72c8d27d9dd5bb8c631e269611702c46c0000003e98be3b38cd25014243c1cd22e849e5477fb7f38c8f44a8c982b79b8fd39518ab536547492927620f9e3a954cdf50871009331b8f17c99649d6e8f2055b12373b0b7961383cac1a6ac6acadf6bf9761669a7b13e79420079297d082580e10122eab58db7dc6c2fbdb7b303d9ed97a91de7a91de65d46a65e69416958f5046c7e78c990725f6979ab2e0cc548cb0e334d8ca2865877c2fc9493bad2d9b1d3b0e3ded7b61472fe617a96a7e9e87a5525e2b1d48ceff6ae0f05046c7d783f6c31c5db901495cd059ab363f25ed7deca5401d16e2df6c53b9e2aeaa929f65f524256ca92a5936b6dfce20563344f46952e3a16b5f852aea5d20dbefe5ef84facce71fbbf2ddd4a07648d87c80f5c0460db192685008eed126a478b423a77f9a87fac18f49a877f0b96fba023ab21bb240bd810a207d80c18b112b637d2e9931f6296fd29c2dbcfc3429d6c9f02cea502a3efc1c5bd92b2e65ea1424d5ab488f3a701a8487b708e764856de82e7f6c553d9e5661b797585cb5a9b3096b6ce94dee2da81f5f5fb61f1b9d486620ae67269e94990039028895d93a7f4adc03637e7c5b0bec2e08c226e5c0e8eb65bc7b67af41cbccce6a038c5112ef746a6f40f772bdc680e69b6d63bdedefb1b2d55a4e59cec954995021c959b9d6129d49bfa287d0f27df09323e20332a622e90174e8f4f5dd223a9b49484defa6fa781ee71f29f3f2ad72f269af9cb359700d6c37bc7797ebd3b5957f6b2b7c038b5c9b923875ec88b43ab769f3d686c1dd2b3ab8f6ffdf5c2fd532fbb0221a8be971e58506ca962c13707f2db61f2e71607e21262541348ad460d4c04290a694ad12123f520db6f7078f96f84bed1eb4c3b28c2a74b96a8891adf654f5da2f0bdca47d4e3549bd1d65c95cd654a305c3b6932826f7ff8a2dfef0622d49f4aa1446120ea4eb71c24f2a51fe00fbe0c549584b193b38a1cb9b21f79f474a034e044a59235202485293a3926db7a625e72abcca954e4c94a568d56d28e0211fa53f203ee6f830603dc6f613644794f2f5b805fd05f6c498732a50d1d14b65d40e12a048b7b60c1824ee7343f65baf355e8428b39e71a789bc37577ea4674f16573a4f16f5b718e049a555a64b5c63024821cd2ead2dd909f5249b017ff00ab9c1830b974bd1b1d8a327a8fcd5a4201595e9096ceaf60011cfd3060c187007fffd9, 'http://wow.zamimg.com/images/wow/icons/large/inv_chest_plate04.jpg', 3),
(4, 'Grunt''s Plate Leggings', 0xffd8ffe000104a46494600010101004800480000ffdb0043000503040404030504040405050506070c08070707070f0b0b090c110f1212110f111113161c1713141a1511111821181a1d1d1f1f1f13172224221e241c1e1f1effdb0043010505050706070e08080e1e1411141e1e1e1e1e1e1e1e1e1e1e1e1e1e1e1e1e1e1e1e1e1e1e1e1e1e1e1e1e1e1e1e1e1e1e1e1e1e1e1e1e1e1e1e1e1e1e1e1e1effc00011080038003803012200021101031101ffc4001b00000203010101000000000000000000000007040506080302ffc400351000010302040404050303050000000000010203040511000612211331415107142261324271819115a1c123526272a2b1f0f1ffc4001801000301010000000000000000000000000102030004ffc4001e11010003010002030100000000000000000100021121122213315141ffda000c03010002110311003f00e7ba0e43554a6bb55ccb5c70b2e3e8549719feb3eead7752fd44d8a873277dcf53873f86f92f20b15f8d1554a86c52e634a587ea2be2bbc446fa0a95640046fb0076363b9271597e3bf2329c5314325a8cbe23a86882eaae2ca36e5b6ddf17f459d10214eb0d36d541bb3b1a648571386b49b8dd5f0dcf302c3db117764db6f18e69193b2fbea8efd0b2ba64c698a11d416cf063a1c51b21c42cef7dac7482923dc6ea7f1632146a156a253652637997125e7534f8e4028dadea56f7b9e7b61ad37c67a1bf95bcbd3634ead549f4b2f24328d0ca5695ea295baaf4a6c5047a7574fae173569b5bcd35793996b2e350d6b22346814f51297026e3d4e2bd44937dc585937c2bf6643bcd667d7966849a4b6d2a2c1a7bb6012cb60bd25f22fec481f9c607c40c8b356a913a8d4e7d71586b8922c2e5b29202bfd44ee481cac49c748785944a04389332fc75a819210f562a8aba9d4e9370ca1645c76b8e42c77271f154a30ab4a93272fb521396630080f14d9b91a4d9486cf56c1bdcfcc6e37eb5aace6f931d2712b2ebf125352e23ee477d85871a75a514ad0a06e149237041170460c30bc6bcad12995072b5426ef4a79e2d3a1b400db2f6f74a2db69d8fd0ed830d3a844d9b8cab4b94dd0632da5268aea9417e69f616a2e7703e5dc773f6e98f1afd1d316a010f495cf43cd9738ca58d21cb9d5640d8731f8c6fe98653394692ec8cd119d69c6882cb8cb60346f6b1208bf5e78cde7279a77c9f0e4b0f9f582a6adb723bd8e11090addf295d96ea00b01970b8ad69501c3202bfcd23dc81f903be35cc6b53e8e06a2f3c8486d01574446795fb6b23f703a0df1ee406c65f62ab110a0ae3165d4246ea5ebb050fe712a9555960182b752d3721e1c69170148041b91ec7fdbf423189ac7f49b58a5a7c1a6c6e22294dac09450bb19477d48d5cc8dcea37dceddf0c8a64f5e6d8edd2fcd7e979363dd2eb8d8b2a404deeda74f26ae2c4f5b586dbe13c95b326316d2e08b42686852af6f336e80f3d1dcfcdbf4be20d6b3b3b298565fcbc975d6a459a584020286e34a4763f4c33275a2bc93fc6f76953b2fcf85474f95a23495b6ca9b4583f6b58241074a6e2f7fb77c18b3af786f9a93e19c9a86660d43693eae1a81e32fd3b5c0f86d6b11b7b60c2d509d14f5319ed4c6d232051951f2b4743653ea92e169b4aad71b1b126f61f818c366b9fe62a6c45434cb6dc64296e142afea558007616d85f12f2bd46b358c9286ead99a24480d2470d84308e25c72b93defd0629e994ca8d51d7534a8c65968853aeacd90013cd47dced61fc605adf9254afb4b4a6d429116994b6913e3364be1e7da71cb6950ba89b9e5bfdb1475d8c6a123cdb45d43d36470e3c50904386d6dffb7aa94ae42e79f5f6ce35f9795131ff0059a4871a921494aa3bd71716d8dc0e8710fc33cc906b59ae449719e0496dae1d35952891a45cb89d87c6a1bdfdadbf2c0d5ecb661a48ec31527d6dd324b85a8cc1294a789748df901ff1862d1a043810d2980d868eca0e03756a1b824fd77c54e71a785e8ac4141e193670246c83ef8b2f0f9a955f52a2c54842902eb5aefa1b1dd47b7f381e7fb23db47b669cce9cd5e04b9396a1e6d91c1949befac24eff007163f7c184a6777a911e952a874286fd6673a4aa44d94f06d90a00db87b5891edd80b9e58318ef65ab6c3b2078079a329532132674280ccc6d4388e4869095850bdc1241b7517bdc1c3af3d788d93aa3446a3312a3b45295052104245c816b7700ff00e60c182d75803ed9cb9e365569757cb2c98af25c799901405b7b10413ff7be13d4f9f229f3199911d5352195871b5a4ee9503b1c18314a98647a9864e85cb19d20d46849a8486596d2eb6532990b17d4399427e2d3bf6e77b72c4e9b9c28942c9aa8797e4a43931c4bb2ceb05613f2a37f6b5fdee3ad8183096a0c4f10664f3466f80f52b8109454e5c6800dd455d2d6e66ffbe0c18305f5e44ae04fffd9, 'http://wow.zamimg.com/images/wow/icons/large/inv_pants_04.jpg', 4),
(5, 'Grunt''s Bow', 0xffd8ffe000104a46494600010101004800480000ffdb0043000503040404030504040405050506070c08070707070f0b0b090c110f1212110f111113161c1713141a1511111821181a1d1d1f1f1f13172224221e241c1e1f1effdb0043010505050706070e08080e1e1411141e1e1e1e1e1e1e1e1e1e1e1e1e1e1e1e1e1e1e1e1e1e1e1e1e1e1e1e1e1e1e1e1e1e1e1e1e1e1e1e1e1e1e1e1e1e1e1e1e1effc00011080038003803012200021101031101ffc4001c0001000203010101000000000000000000000607010405030208ffc4002f100001030303030206020203000000000001020304000511062131124151071314223261718123d115913362a1ffc400190100020301000000000000000000000000020300010405ffc400291100010303030302070000000000000000010002030411211213312251d105413261718191c1f0ffda000c03010002110311003f00fc7f25f7e649765cb79c7e43cb2e3aebab2a5ad4a392a513b924ee49af8e91e0511c5669298b1d23c0a748f02bde2467e5bc966334b75c570942724d589a7bd25b93eca676a296cd9e201d5d2e91ee91df6edfb39de91354c708bbcd93a282494f4055b34ca9d5843682a5138094a724d76edfa46f324216f45f836558c3920840dfec773feaa677abde93d327e174d414c8988f91725df9c641dc81f9f3c78a8948bbdd2fae38e4992b6a3369cbee039c0ec3f6760918cfeb3486cf34a2ed6e91dcf3f84f7c3043f1bae7b0f2bb13ec7a6ec9a71ab944becf37f43c953496c7b5ed2919f9d27b8c9410410a1d276df34a86dca4fc4292108f6d96d3d2d360ec91fdf93de95ae36badd45637381380b591c5589e997a55a8b59cb40662486a3f580a51460f4f24efbf1c601cfe37a917a5da0e0c64583525ed865e8733dd92d75a7afde11df01c6923384a8a52a50271f49c1f160ebfd7d12d1a45703474c8f0eccee737861e5bb2e4347050c80705b56fd241e9fa0f0335caabae909dba719eff0075b6961638ddff00df558990b40fa50c390edb123de750afa90eb8e3c43715408fa959232938181c1ce72480693d7dea0dd350ce52be20ad0905295f4f48038f913d873b9f9b8e2a377ebc2ae2e8434d1622b7f420a8a94aff00b2d47752befc6e700572c052969421254a51c0006e4d1d27a7061dc94ea77cd32a6b6e36e3c05ef062c89f35b8b1d1d6f387604fec927c01924d742f92198e94da60abaa3b272eb8362f39dd47ec3803b0fbe6b7e7a11a5ed860255d57596806511c3283b86c1f3c138efb76de315d069d66fedede7c2e6837cac2f8a517c529c151570ced74967452ac6ec7713652b4bac425b814b6dfc654a6d78071be48582013b673bd617ab899cf8294169940096dbeace00eff009ad7973e4cc6da6de5ff001b230da00c04e79fc93e4ef5ad58e0a56444bad92b43e624691c254f34cdb9bd33a79ad5f746c2a5c9cff898ea036236f7940f83ba79e0abb0adbf47345c3baa64eadd50b431a66d6afe44ad5854d7704a5947fac9276039db24477d46d54f6acd42b985096a33596e3328c8436de7609492703ff70067277a8f7995fb4de0727f5e52485c09921d9725c90facadc71454a24e6bc694ad405b014585f14a2f8a5104251414d2cb6e24a5693821430411d8d7474edb5bbadc9b61f94889153f33efacecda7fbf1fd034a50bf030a89527f52f59b378662e9fb23088761b723db61a40ff0090e72564f727624f7393dcd41fa87914a554713636e96abba750f229d43c8a528eca5d1214eac36da4a96a3801232493d85294a201512bffd9, 'http://wow.zamimg.com/images/wow/icons/large/inv_weapon_bow_05.jpg', 1),
(6, 'Grunt''s Leather Helm', 0xffd8ffe000104a46494600010101004800480000ffdb0043000503040404030504040405050506070c08070707070f0b0b090c110f1212110f111113161c1713141a1511111821181a1d1d1f1f1f13172224221e241c1e1f1effdb0043010505050706070e08080e1e1411141e1e1e1e1e1e1e1e1e1e1e1e1e1e1e1e1e1e1e1e1e1e1e1e1e1e1e1e1e1e1e1e1e1e1e1e1e1e1e1e1e1e1e1e1e1e1e1e1e1effc00011080038003803012200021101031101ffc4001c0000020203010100000000000000000000000607080204050103ffc400331000020103030303020405050100000000010203040511000621071231132241325114617181081552629123334243b2f0ffc4001801000301010000000000000000000000000102030004ffc4001f1101000300030100030100000000000000010002110312213113224191ffda000c03010002110311003f00a6d533cf55532d4d4cd24f3cae5e492462ccec4e4b1279249e73ac554b7c803ee4e35287443a72fbcee2d0d4db2be581a322502165ee8dbe992093047a8a464ab020a86c67e2d2749bf869b4edeb4539b8d7555f2a4cccd252d7451ad2a31f12c5110cd1ca02a8ef2e738e548c682c212af6c6e8fdcae5491dcb7255b58e89c2c894fe8fa95d3467fec1112a238f183ea48ca3072bddf2d751b1f6259a4fc2dbe8e8ef8aca256aa9aeb2b955cfd2c2258d55bcff0057c73c1d5c287a4bb79e92945fa56bcd453b1c9957b4c8a492a25c37bfb41039e3201c697ee1d0bdae2d722a355445dce24694b488727c64918e7247c631f1ae4b579df6740f11e4a7b73b66c7ae2d4d2eda9680097d9516fae93bd538f2b317563fa15cfdc79d276fad9336db8e9abe92e31ddacf564ac359142c9dae3cc7229fa1fe7b72723041c6ad36ede83dba9687bb6e55d556551c055af65119e3920a769c67c79fdf50f2505cf6adfe6b1eecb7bc76ab94421ae57f7c7da788e7565e3b91b907ce32bc7c38de9f62d8abf24234f35451d4c3554d34905444e248a58dcaba30390ca472083c83a35bdb9ad15762bf5759abd3b6a68e5689ff00bb1e0fe8460fefa35d3bbf2419743f85dbfd26dfe9551553882d7495158d253c0d3b49204eeeccc8ee700b9476c46a8b8e7b72c0970de9d7eb55a296a12de20964869e579410c1bb47b5644c1191dccbf9e0e7e0ea8fed8de17d86956dd4b3892a9a4829e8c346a56341907031c93ed5c9cf04fcf219eff73a0db9bc6c57a8e845c618ebe4ac9504d8154a9247daa5f9c8cc7f391a95ae8e4a56a26b268dd1d6cdcf1f6cd2edfdc34b4cfdf4abf8aa1101668dbb995dbbf3dcbc67c64e7818d7ce3ebbde6a6e6d15556cd4ad1a452c82a69d1498f017b55b9032581e413923cf394edf5d4bb56e2db960482fd6a34541ea3341351ceb5d1bfa61007425a3909e0964600b12c40e5443db8aeb4758d10a28678bd25edf565605a4fd5470a07000e7181ac5f5c2140365a2b5f5ce9ae5339aca43e9b48c6388603c6b9e1473ef38ff0091c018f075f59ef1b7f7543514f7082392193b51d27601b24f8047e78c15f9fd3555f67c32dd7715159d6568d2ae6ec242f77603c938fcb93a62b45eee36e65138ee8811242ee32b22a9231f71c81c79d6517ab0574f48e7d72e9a4f514153bde0b85b929e3548aa0d4cccb51248076a8518ed73da07e7fe09d1a9bb606e5a3b4f4a2ef5fb9c53d350cc23a8ef505bd3ca9c3657c966f68c6013c796c68d13f53087c7d951ba236f92b7a9367a9ed7fc2dbaae2aeab94788628e4525dbecb9ed1fbe35b7d5b0916e3a2862531a0a369bd3ce429967964e3f661ffc34efb1f6a5cf65f49aa778bc6d58bb9ad53a814aa4cb41123b2a33ff0063bae4b2fd1d89ddf570adbee92a66dcd4311a191ea858adef22050edde69d4b37b73c1249e3eff1e353bdcedfec35a3d622132385f9c0fb633af2489878e78e74c836fd791eea1f4f1c61a551fe7275ab5163b8451f7fe0269727cc6c1fff0039d31c95dfb15ab3b7d12a40db96ed7a64c8b2da6a6bc7b01f72ae0019e33c9c6985adab2ecdb753d2247535f52b12529c7018a832124f80abc1fcf1f383ac3a514ef47d32ea3ddda55a713d1535a90bb003ba69c06c823c0039f903279d752de56d5593dea781e715195a087c3461b2781cff00bae17f4c8075abed96326048e377575e6d1f84b2cf515a94b1d2911c12b63b5598f7a91e0fbd48cf8f68c780746997afdb70d92dfb7279e549ee328a98ee3328c069c3ac8c07c955f57b01fb2781f26a80649db462d6c6ea1ee7d9ad1d0d3d54d25ba2a832c96e98ff00a6588ed7e083da48e0fe9c82320f4bab9bcedbb8eeb4d79dbb2d7dba59e8e2a7afa478d235468805531b21fa08c7b703041f8c60d1a478a8dfbe7b097b15c91ebcb249f5c8edce796cebc8dde391648dd91d4e4329c107468d56249b7655fb695d7a4b2ed7bd6e2fe4d5f5175fe6357533538984ae8a5234edfe800824600e300f91ac370c56e90c33d675536ec9483dc8d474b3492a31edf77a409208e71f6e7c13c1a350389fe329f97cf9177a91b8b6dddf6d52da6d97adcd7eb9c3581967ae86348d97d3084ae32e49c20018e78627cf268d1aa8619157b3b3ffd9, 'http://wow.zamimg.com/images/wow/icons/large/inv_helmet_15.jpg', 2),
(7, 'Grunt''s Leather Armor', 0xffd8ffe000104a46494600010101004800480000ffdb0043000503040404030504040405050506070c08070707070f0b0b090c110f1212110f111113161c1713141a1511111821181a1d1d1f1f1f13172224221e241c1e1f1effdb0043010505050706070e08080e1e1411141e1e1e1e1e1e1e1e1e1e1e1e1e1e1e1e1e1e1e1e1e1e1e1e1e1e1e1e1e1e1e1e1e1e1e1e1e1e1e1e1e1e1e1e1e1e1e1e1e1effc00011080038003803012200021101031101ffc4001c0000020301010101000000000000000000000704050608020103ffc4003110000201030205020503040300000000000102030405110012061321314107221415235171328191081642613363c1ffc400190100030101010000000000000000000000030506040102ffc4002511000202010402020203000000000000000102000311040521311241516191e1a1b1c1ffda000c03010002110311003f00e41869af17daf9a5869ebee9592bb4b33223cd23b13966623249272493a622fa17c65535345f2d6a3aaa2ac7282adf994e20ea07d58e555910e4e0614863fa4b69e9e85f11b70bfa534a69ee92aaaab4958c952fcb5fa8dcb8922185463dd997dee58027b6bcf12dcae925f6dd2dde9e75aab990523127fc50ee088bd7b61779e98ea41ceb23ea7c5c2cd294e46628fd42e02b1703f07d3cf4b77dd572229328f654d54ec414445ebcb8913323f93cc8573ee0c14f67bacb43768ebe569e7299dcbce2bccf2031ee57382479c63a77d3cffa95a6b7deb85ac7c4e2158ab9ab67a567480af362dceca09ce004508aa304e33d7db8d547a3de9adafe029b8a78d235f811b9fe0662f134aa01da71d0b13dc6085194279993193ab0c73005799b4e09e03e12bb7087cf6ae0b556b3c30458336228e79544a6255049508376e62412c19319c1d557ab7e97416ba4f9cd2d8aa6e946373d5340b15ba2b70dc1516442acfd429f7160093fa54f4d6eaedc574d6ba6b7d2c949f0cd066b5e969a99163858e4d3c0b8f6809bcb3e0772b9cb751327aaac8ae70db2eef53257d656c2b53309586f5994092363d37001a45c8f2cfe7b00ea02be0f6618524ae67262f0ff001251d3ff00715bedb738a8a95c4a9708158c7132b0c15997dbb8311d8e41fc68d74cff00521562f160a7aaa9a586626032664890bc722855620800ed25479e9d718c6346b42bf97502571327e8a711535ee1b570dd54348f4905c2df15341fa1c06dc2a0b28e8e0c9b5b7771bbb82d8d35bd4f82b6fdc65ca8625465918ee23a431a8da7edd36027f9d73a70fc02d35743c436f4ac7ad8d95d44548f2453606e5ec0e0e5467f073df5d3b41c75c1774a6174b9435b47592a96aa81695e5897b825587f89c1fc751e3529ba3db5ea16d4eb9fce312836f45b682a473fbcc585b2f707c82b60b9494629e8ee36e91e9a790f36693730548d464741cd7607ecbe3aea54970e20e236acbc4d0b451c7289e485108895db718e34f2234e516cf5ea4103dc4eac2badbc2370b925c9e95cd24b1926a65a3cc03b3925d97bed05479c8c6b794159c0f73a634543c4d42ab24a646cb81cc6248dd938efb719ec40c0d7abb7862a022107d99d4db006258e7e263f826c5475823a8ac435350bcb48ddff00c5136f5c7fb60c7f7d5dfadeb45f196eb9452ad3b47574c912a9c812354331665f3ee6dd8ef8cfdf522e17be1ae1eb74d4d6b9a2bbd7a46378a79872a0518c9925ce00fc7b89ec3499f50aeb23528a9a8e55655389258391161531d0312def619c81d863ae3274b12dbaebfcfe4c6034cab50e3812e3d4dbb5b6e5c074b738eae964e7c72c54fcb0407193fef2482a475c7b83e320e8d73ed657de2b6c143486191e928e4678994310bb95463f6d84fe58e8d5b56b80726483b027a967c39c5bc516889add6fe22ada6842931451ca5d4b118daa0671ff0098d3b7d17abae9f87aa5a7216f91d51a7a780c8544fb8239326d23d811d989f023e9a5fc71d9dacf4b23fb2a8c2c444cf9571b4fb8839f23008c752356de9f5dedb6db8ddaa69546ddcaab22648879aad1b818ec58211d7a61b03c6976e8be74138e463fb8d36ab0d5a8183de637a48e136e968aab8cef1520ba23d49a446a22464b6d887564ce0671d4f5c77d784a5aea88a8ec5719ec910ae8cecbc52c6ad4d50c9d797d46524e818af4fb0fbea3d171059a84535be9e4fa4b11c03d428f00ff003fb74d7d492db6ea4b815ab5ab8abbd92d03764ffb573fa5c64e0e3f91a8f5b594f3efea53a16078912ab8523869ea1ab774768b70677da00594a93d1557fde724e92feaad654c96e35f3ccf04d53f4e2a60a008e9c9f6a9c8cee38248fb634c1ae96a2b2d9f264bad45d6820708bbc83bf0aad89181cb6d3e0f903c74d2e7d6458a3b4d138919e4aaaa67dcc7f5045c13fcb69cedcb9d428ef9fdfbfe661dd3539a1809faf0e70d50ff006849532495ad3bc4641f5846aa36e482a33f7eddcf9ef8d1aaab2717a41c1f5746eac8cbb630ccf92c5c0cf8eded63fb8fb7535562b049c89244fdca0a9bb814bc87a67f8a58f908092368c9ce47dc6703f1ab9e04ba7c92cb5a159a1ada8954a3a4a15d428e871e40dc4e075d1a342baa5742a7dff90f45cf5d8194f2231a9fd42b4372d6a292d9318d044126a75fa8a3681cc62376ec22e4e73d3c64ea3d4f19d8e4b8cd335359615907c4c6a69f7aac841568f3dcaf50c371ee7a76d1a34a1367a072331baeef7a9f52a5f8f3e0ee35bc848e6a7a854da4c82358f6aedc0cf8c007a0ceb15c7774a9bdc34527b1a1a60e008c1c2962093d704f6ef8f1a3469969f495d44328e62cd5ea6cb892c7b9948d1e491638d59dd880aaa32493e068d1a34c2609ffd9, 'http://wow.zamimg.com/images/wow/icons/large/inv_chest_fur.jpg', 3),
(8, 'Grunt''s Leather Leggings', 0xffd8ffe000104a46494600010101004800480000ffdb0043000503040404030504040405050506070c08070707070f0b0b090c110f1212110f111113161c1713141a1511111821181a1d1d1f1f1f13172224221e241c1e1f1effdb0043010505050706070e08080e1e1411141e1e1e1e1e1e1e1e1e1e1e1e1e1e1e1e1e1e1e1e1e1e1e1e1e1e1e1e1e1e1e1e1e1e1e1e1e1e1e1e1e1e1e1e1e1e1e1e1e1effc00011080038003803012200021101031101ffc4001b00000203010101000000000000000000000007050608040302ffc4003010000201030303040005040301000000000102030405110012210622310713415114152361713242a1b13391d1e1ffc400190101010101010100000000000000000000050403000201ffc40021110100020202020301010000000000000001000203110412213133415122f0ffda000c03010002110311003f00cc14fd27d5179b6cf7f5a696b030f7e776726625892090ddcc587702320e7ce4e35267d2eea7869e0afac4a7a7b73c91096ab7ee10a492aa090af9c7706c7071e7041c317d33bf74dda6db454befc3453d351c7513b22bb2f7a82cce59b258e4f6a039c8c70061816debfb2c68f1ca2aa921909dc93d23baf033c95c820824e07df38d78b64ad5d2cf652d6f2132e1e98bea52cf553d0cb4f4f4f9334b3611502b46a4f3c9e658fc649ddc679d73dfecd72b056fe0ee90fb52950dc1dc3c91e7c7c7f91ad33ebc5ead95fe8ed75cac737b90d4cb4d1803b5e3c4a18bf80700a2ae300027cfc6a469baaad563a67b75d3a7eaeff530db16a6782a29239d17193fd2c4778e49c020649e35ce40af667c28aea660b6749754dca086a2dfd3977aa827711c5345472346ec7c00c063fceadb71f437d46a3929621655a99671ca4332e213b7761dd884fb190c464633c8ce82abf503ad2a231341d2f70f68c036159e38d73c11b7664326dc6318fa1aa8bfa8f79174a7b2dc1922aa6591aa089f2b193ff14672700b0f39f1c67ef5957934b3a19a382f536913b51e9875e595a9ae029a3a7957f562923ac5478a54e4007230e08c8238e383e3469d1537e35b65a9a89dc559a7812a1e966198de127e06085380463246e5d1adcb09336a910bd1ad3ac770ad6df314548c64ee66e09c0cfeca069f9e9b59aa2db649afef7aa1963b9441d29a1198b6290599c9c7728dca40518e47c0d23fa5564a4e9f8ea1632dee3b4c78e460803fd13a6f5a286a6c705424f594d5b155c82a592319889753ee107382aeac0f0072b9e73a239af6b26ffc44b8a68194af59a484dfaa29a0b85655d4cb043154db9a2215220a19240b9fd1ce476637672c76e403dbd3171a1a8bfc9515159d433f50565b254bac92d0c0932f661929412428f6b773b55c8ddb7ce0ddeaa953abeaabacf2cd23fe6d6b9a8e269dc3849632b244ccdb773e0ae7b8b3601e75ef74ab825ea7bdc9299a380eca10b0b08c3c50aac7b0e013b4b2b7008ce7e4606b314e2144fa9cd779db6e5d2d5471436ca6f6678e154a589224424848d1005e5b93da079d23fd4bb25bba76e90bdaaba69cd73bb3d254032100925e5594e4ff0051fef24924e0fc698d4b707929c53ff7cc72db78da9f0a3e86a81ea5d91a92ae4bf495f24cd50f1c2b4922f70c7c44de3006e620f1e4e72799b8fe32797dca73834d87a8bbea0acaca3b7c8d47553d37bcc2393da62bb9707b4e0f8d1afaea88124b4cc76b7e9aabaf183e7cff00bd1a7f8c16a423329693fd09475b769ecf6bb7b51c151353e55a672130a096f824b60e76807e4f034cd8ac42d163fcb63b97e3847233a76141129f08b924e0738fdb4afb2c17279e962b34534b73a5647a7f6ce3bd460673c6d3c839e304e74dcea390148da7509208c33ba7c36391c7919cf8d0d9ecf734f88961a9d1dfb94a9ae55964bed255d3b169e27151480646e65e248f83cee4247efb88d781bcbb992aebda359aa2579e629e37c8c5caa81e4e4e00d7075745f8da140ec5654ee4707c11f2355be89b97e637a0d52ad23d3c45e3dd8c0fed27f9e7ceabad1b537f927b5f57d7ec7474a958d51eb2290cae0620f273f47f8d74fac967a2baf4c37515ca65b735a212b054a83b514b0c44cb901f7123c0ddf23c1d4574cc926f7e73dddcff0063e87d6a5bd45b4d3f5374e431d454881adc4cf019181a656f969636ed65da08c9e40271e704cb3d7316dea5f53b624d445dc247acb2cb24d1a46e622b80d938fdcfefff009a35e8245a8a390881226911b21385270464679c1f23f9f8d1a6b0e4e9b3d4272d7b2326ba1aa6e8d7a49ac12c49721c14933b1a2cf225039d80f1f60f8e78d31eef52d8cb2824af3f23f8d1a346f200cba8860f38b717d7c3be955ce0318ce4678f1aa1fa7cc45ec81e1a0607fec68d1a4717c5690e5f908e9b0cf27b9284236e5587d018f1a94ea6a64bdf4d545a56a9e9da66560e06e462a73b5c79287e40ff00e68d1a232ff3613ea298fcd74c5054b88679e194049606f69e30771dde38fbcfc7c9cfde8d1a349f802421b59fffd9, 'http://wow.zamimg.com/images/wow/icons/large/inv_pants_12.jpg', 4),
(9, 'Grunt''s Staff', 0xffd8ffe000104a46494600010101004800480000ffdb0043000503040404030504040405050506070c08070707070f0b0b090c110f1212110f111113161c1713141a1511111821181a1d1d1f1f1f13172224221e241c1e1f1effdb0043010505050706070e08080e1e1411141e1e1e1e1e1e1e1e1e1e1e1e1e1e1e1e1e1e1e1e1e1e1e1e1e1e1e1e1e1e1e1e1e1e1e1e1e1e1e1e1e1e1e1e1e1e1e1e1e1effc00011080038003803012200021101031101ffc4001a000003010101010000000000000000000000060704030501ffc40032100001030303030302050305000000000001020304000511061221133141072251146123325271811516c16272a1b1f0ffc4001b01000203000300000000000000000000000506010304000207ffc4002d110001030302040406030000000000000001020311000421053112134161225171910614326281f0a1b1c1ffda000c03010002110311003f0049f4cf42dbe46936752dcae6d3976ba29c7a5c9b823a8d96d4a04252a393d659cf241c927e334c91742d8ae177bc4272c6c69c76361298939c53cea827b74d58092a23f373dc673cf07a11065dc74bdb756ddef4dc48b6aea31666dd603b1987f24294ef729564a082718ca88adfaa35fda6c371bad9af172b75c4b8b69dfa565d2e85288dd86d67f2951c64f8fe4504be75f55cad3b99f6ede581028adbb6d86c1381534f593423b6ab247d45063c42cb69d9210ca762e1a8af0859193b92ae39f9e2bc8d59a023c9809bcc088a4c556c6dc4b67f239807213e01ff00d8adfacb53dd24e9e956292c8711769acf454a59263849f6b593c900793927cf7ad762948bbca936675e7442b68724b8fa1c230a0948207fb78e33e6b5e97acaf4ab96dc7805359e306485262361999223bd6d160d5f30e3630a31c27683bfb4033daa1d79b6bb064a9b285ed1c82538e2bcfabbabd3dd593e6468aed9952a4ca683cd3edba10da8119da4a8809578c120d4f3d47d1f75d393cb175b4c9b6be3f336e36403f707b2bf715e83a9e856ceb4abcd39e4ad3bf08226248989980411b528a1f710be5ba923bd27c490fc494d4a8afb8c48656971a75b594ad0a072149239041e41145731de8a4ead9549f4cf5cea2d22e29fb44d2988fad2a9309d487197b1fa92a0467ef8c8e2bd0bb6a17afd7071572b15b2e05fc809432969d6d23f4a9383c0a97c353fbc06caf1e71f14d7a1848fee38686dcca94b2801ce41ca4820fda9b2efe5753d3d6ae480f252485edf4f88cc44c8112648c7a5459f125f4a0abc24811eb8aebd7fa6794f045c564276db233d95ad6e1e0a81039033c77ec29874fc79f0ed4ee9f09417ae284fd5b2af615a41254db6e1382e1dc370e7809159af326e821317195d04321c5c58886bbb61b514a95dbb920fdeb5586fc243ac5ba52a2c983d5dfb652484a17fa82c60a7cf3cd2bd87c3373aa69e6f904100edb9f093307edc1889266361261fbc459bbc8cedbed83efbedd87a9873d3f7f9f0ed8fd86e7766110568086e2de2329a39dbc6d7d380950ce41cf9fe6acbe9f316bf55bd3285a7b5ca129bc448cfa22cf1341715d179484ed528e14718f7721493fb1a82dd552a328332643706d4fb6a8ee2663c99aadb8c7e08484951231ff3f6a65b46a58d6585d2b7c66db406130ad4cb8e7b8289006f39f27dca230339fe16fe79eb1712f599f183320c7f3fdf619f2a9e525d050eed512d77a2a5e9c4b7256a21875c5a02143dc8c288efe7b77145533d44445b6e866f4bc898ebd2593bd9eb0dea6ddddbd6da57dd49255ed07eff003c14f2c3f637e8e72c72c9dc648f51d88e998a0eeb4b695c233521b041992b6b50e1bcfad676a42104924fed543d37a2ae367b9c4baea19706d31d957594875e0a74a47c241c124e0633ff00553eb35e65426ba51253ac12304b6b28278ec48f1f6a7bf4e2d528b91f515c2c4dc9b61538965e7dc0438f04ab00249f77b801d8f7fb511bc74b5a62b90b1f4c6c388c820805442448240c13d7a576b14855d2028759eb18cc98ce2b7aff00b2e3c54c6bdcaba39012b71f019585284870a94942be00490491c920562d7ba8ff00ac43b5db9b4b298105bfc065b64361b27bf6249ec3bff9ad5158d27788105b93364da2e8d296cc9e931b838fa96490bcf240ce0119c71fc2e6b0b3bd6abbccb31909757195b7ab8c6e1807fcd67f859a4961b4a9c52948e2212444648241d8ce0cf9455dac2e5e52800018c8f418fc6c7bcd6045c5c63a69482a6d031b4f200af774b4a409ad3a99696ae493b584c96c2e3383e140f650f073df153e54a7e3b9c1ce0f1f06b6373ba892a2d1ce3900d1d7edf49d57893708873cc60f5f2c2bb8307eeea0521d7d8208323f7dbf71543d7d76b6dced3b9e8c88b766d3b1e6e4b7ef2a039dab3cfc600e0fcd14b8f6a44ced3820cc61120a7865e524171aff0049268a4f57c3b796ee29a40e34838502208dc11391e8720c8a20abb6dc854c522e14d3a5b712a6d69385050c1047706a9ba135dc3b56975d8645a132667517f473c3f83192b49dc9da723b9ce463145155b494dcb4a61c120ff99a869c532e0711b8aecbd5f66b869a86c6a6b4ae54a83f82c488b23a6e8483e4e393c79cfcd2cdfa75b11707ff00a7cd932e3389052e3e30e67b60fce3e68a2b6e9b70ed82486947873e13b09ce074c99c1fc572ed5cd20a867cfad2bc9520af29566b9a5653d944514550e5d2caca860d5412222bea0bab586dadeb52ce0253c9513e3145145675beb9dea4015fffd9, 'http://wow.zamimg.com/images/wow/icons/large/inv_staff_08.jpg', 1),
(10, 'Grunt''s Cloth Helm', 0xffd8ffe000104a46494600010101004800480000ffdb0043000503040404030504040405050506070c08070707070f0b0b090c110f1212110f111113161c1713141a1511111821181a1d1d1f1f1f13172224221e241c1e1f1effdb0043010505050706070e08080e1e1411141e1e1e1e1e1e1e1e1e1e1e1e1e1e1e1e1e1e1e1e1e1e1e1e1e1e1e1e1e1e1e1e1e1e1e1e1e1e1e1e1e1e1e1e1e1e1e1e1e1effc00011080038003803012200021101031101ffc4001c0000020203010100000000000000000000000604050102080703ffc400301000010302040503020603000000000000010203040511000612211314314151072281326115334262718283c1d1ffc400190100030003000000000000000000000000030405010206ffc40029110002020103020407010000000000000001020003110412213141135161f005227181a1b1d1f1ffda000c03010002110311003f00e3692fbf2a4bb264bce3efbab2b71c71454a5a89b951277249def8d0631871c81c0a0b6e67898db6efe1af045363bad85a24ccb6a4ea17dd0d8b2d5fd06da8634b1f62e665464e235d0b27e4ec9b4f873bd504cd7ea750e1ad8a0c470b6ec58eae8fc855ae8246e96c7bad627aecd598bd2bc86f468153a7aaa4c5325b1c68d263480e21d054a49d4169250a0a41491d46d7031e0b5baa542b7589757aacb725cf98f29e90fb87dce2d46e49ff00831ea5e8366a53c8190aa2f243331fbd2de7161298f216402da944ecdb9603ecbd26db9c4dd5537a2f8aae723a8edf6fa466a74276b0e243a9fa412d51c48cbb5ba55502ae79679de56523bee959d0a1d05d2aea47c2757325e6ba225d5d532fd423b4d7d6ff0004ada4ff0091374f63df1ee1323bf1a4bac3e9525c69450e36e2774a81b11fcdf19a0bb2daaac075896ec6d4e840e0a88dc9f6823a14dfa8f04e015fc46d1d7061db4aa7a7139ca2c87e2ca6a54579c61f6561c69d6d452b4281b850237041dc11830cdeab529aa5e7394b896e42a039f876ecd3a4909fb693a93fd7062d238750c3bc4197692255e4ea22f31e6485446e4701d98e069b5f094bf71d85c0ed7dc9ec013dac6c7d449b15559347a5a94699482b89154a55cbb6592b74f6bad573fc691db0bd06439125332995ad0e32b0b050ad2458f63db0c7eae537f09f53b31c1fd28a8bab40f095a8ad3dcf650c088cda327b4ce7e4e22ae376beb1bdb1a6323aed8399a4e8aa6d59dcc396e935e925b329f63969453d54eb3ecd6adad7520209fb927ae2550d094d5a08558e890149bf4d4028a6ff0036c79d7a635475bca32997080c353d25248be92b6cdc79b1d03e7f9c3643a91216a6ca4b8da92a247dfbe39ab6a28ecbe47dfee57adb720310738ad354f4c32fd53524ae24b7a293d55a5635845ed7b24a1761fbcdb0613f9f7134472945c70b7cd25f4a41f65c2549248f3d2df3e7063a0a5362e3d4c97636e398d59a722b54c84fcfa754d521b69254ec5911d4dbe81a827b5d26c48bee08f18cfad2cadcce22b64696ab5022d499171f4b8d2750f85a569f8c5f652cc757ccf1971a5e59aad5ecd16e5c9a7465beb776b02b40b0d4458155c13b5ee70d5232ee5dcc5976265facc3e5ebf4f694d53447961b92a614a5388694db8786b702d4414058500abfd8a0b7595b8f139c67cba7fbf88c32a3292b39fb1ba414a351db56c30cf58ca42129b1cef26eaac1c8952472d2193fb927aa4820850d8efd08c4d6a9340a2b7c6351895a9c9efa808ac917df49f73f6b74b253e42861c6d420e9cc08a58c97974aa064b4a5fe134274e2e35ace953896d3a756ff00a4294a00f72143f49c496e6c6680e1ca6bdbb92163156e3b2eaf39c796f3d5296bb0d0c36576006c0048d2948d801b0036b01d335ba0d5a3400f7121191a8a4c48ef890f04dafac86ee940d8fd441ef6b6f848d5b8e5bbc6fc508303b451aba5b4d4e4867f2f884a6de0ef831f58f49a8bfc670c675b6d94171e75c4109427c936efd079383149480319889049cce8e83eac656cdf1d14eafcb9b9767a545286253ca5430bbdb657440d87d49484f956205569d4da94271010cd420eab1535ef1b79d3d2de7060c44d669534e05959c7a7be651d3d86cc86950fc08ecc074f3f314c6808d2e492f25005b480873527622e36b83d3c617e6c99102aab05c664d45c884d4470db6551e3ad4d84a02d081a56e1584a88dc2576fa8900c182694966393ef8fec1ea1404c895916bd4c15ba95233433cba1b94e7094df10c66149511c32c03b37d6c402a06dd77c344dcc99669ad86915588a4a366d3193c416fb04f4f9b60c1875f4696e09262e9a864180224670ceb22b8caa934d69d44671690544ddd7fc023b0bf403fde0c1830cd752d4bb54413b973933fffd9, 'http://wow.zamimg.com/images/wow/icons/large/inv_helmet_33.jpg', 2),
(11, 'Grunt''s Cloth Armor', 0xffd8ffe000104a46494600010101004800480000ffdb0043000503040404030504040405050506070c08070707070f0b0b090c110f1212110f111113161c1713141a1511111821181a1d1d1f1f1f13172224221e241c1e1f1effdb0043010505050706070e08080e1e1411141e1e1e1e1e1e1e1e1e1e1e1e1e1e1e1e1e1e1e1e1e1e1e1e1e1e1e1e1e1e1e1e1e1e1e1e1e1e1e1e1e1e1e1e1e1e1e1e1e1effc00011080038003803012200021101031101ffc4001d000001040301010000000000000000000000040506070103080209ffc40034100002010304010301050607000000000001020304051100061221310713224114325161710823428191b11524257392a1b2ffc400190100020301000000000000000000000000010302040506ffc400291100010401010703050000000000000000010002031121310405126171a1f03241b113428191d1ffda000c03010002110311003f00e36a99e7aaa996a6a669279e572f24923166762725893d924f79d4ff00d34f4d17745a8deeef7e8ecb6c33bd3c1c699aa2a2a9d1433fb7182a38af2405d9946580193d6a6959b63d2edd96682aeb773566d6bef37f7638ada6a28c2163c00440acb840a0b7262d8e44722469c762ff0084ec9a6a6b1475316e4a0afa9e5532b7b94eb1cbee04cd39f8bc6ded18cb1390d9c10428d589f65921f50c2205a5d16c2f4f2db6f34b49b3ab6ba7e63fcf5eae3282c3fda83db03fe471f89d27adb2ed1929cc55bb32c4d12a9f952c9514d22f47b127bac3233e59587432081a7adb9b92d1595534773a3b87b1471b34c617442efcd53084823c9cf63c03fcae7f476d1e9fdcee2d5c76e424408245fb5d4b4c62c1edd81c27d093f1eb1fd69e4eaa6297127ac5b19f616e986de93cd3d0d7d1c770a069e3f6e71048582acabe03828c0e320e323a3a85ebafbf686da149eb7ef89370ed8dc1051bc124369b7cb742d1515d00491d96964e396916412295c713c94823f8a8cdd3e837ab9b72b5296b361deaa8b82c925ba9cd6c64038c96879053d786c1c7d34c1916a0452ae696a27a5a98aaa9669209e1712452c6c55d181c86523b041ec11a3526dd5e9d6f7dad60a6beee2db75d6bb7d4cc208a4a95087dc29cc294279292a09ec0f0479070680208b08114ac4d9e29e2b24d574d253cd5a28da2fb3c8037c83f60afe0c838e7e9c8fe5aca474f2c6b22a08296aa4113463e4d0484651d4939c673f5f191e7c25db1402b523fb0cb187a762955196c15c123981f50463f439d6a9ab6292b5a9a13cd15c7cc1e8e08f1ad92c6cd348d0e246a7be3e1c0ff004ab37c31b491cbcf829d5a7a869960821696a2e1292562c7f0e0b7671801f964f4005c9d3eed89abab04b4549708eae994896b9e593fd3e24e430cf9ea63d740e533e15fcea2f5753cec3cda4e523c4429c0e4530d905bf8b071d7d3383e069dad1544da686dc98f6230642b9c7390924b1fc703007e18d676c50fd689d23f15d85124f3e43f270332735ac700337e52b3e86db62dc36fccf2dc2ed502b129a2ab95d95e4408df18d09c246091d1f001f007496fc68ed76aa7a6a6bb5cabe3545486dd25c64fb34e58f18d1e2e5dc6486623bf82378241d472c75d5f152554467a8a6a541c240838725ec104e3bce7a00fe7fa676817be6f184b46985532c7e0e3965221f4c61233d7d399d30cf28808e2e9ef59e807eab5539035a74561ee9fd9e6e1bc7d1f9a5b75d59b71cb325696a873c6be5891e308dde2300332a63a1e3a07a35d2db467a76b441470921a9a244604f64e3b3fa6746a9b40030aa39d7aaf97b59218eaa4c1ef3d8fefaf54534d4b511d4088c9f2071cb19c1d68a666b808ebd9155276708bcb27e181dff51add5354b0b10ab961d0fd75d4c64185a1da10076483eab094adc6209551353cdfbd560a1987c490402703bc697d357b53aab40e565032ac0fdd38f3a6086b799f9a819fc46950247dd3d6a1b3c3144d223183e7ba9ba473b53a290566e9bad646a6babe6a858c611080157f4006353af49aa737d9e6e5864a3a5555ce08fdc839feb9d5485c2f6c32339efc6a61b52e1556eac9abe1865955e8e28978019326382281e4e78b78f0359bbca36b030340005e00e898c7170366f45d77e91de66a8a8b53b4f879230242cdf7fe983f9f9eff002d1aaab60ee09ec7574ce8636929691f886e806e3c47fe89fe5a3596308595cb5659dcd9aa29248991e8a73378f90e6155811f9145ff00bd6876e4c4fe273a346b76079742dbf32944657a5f1a534f370f8b9247f6d1a34f69a38412b9072e118f32305d5816bbe50edbd926e15f525696e17ba2a39fda883cbec470caf315071f759e3fa8ef1e7c68d1aa3bdbed4e8b4725d66be878ee379a80f4f45f08613276dc46083f11db37203032724019eb468d1ac8442fffd9, 'http://wow.zamimg.com/images/wow/icons/large/inv_shirt_17.jpg', 3),
(12, 'Grunt''s Cloth Leggings', 0xffd8ffe000104a46494600010101004800480000ffdb0043000503040404030504040405050506070c08070707070f0b0b090c110f1212110f111113161c1713141a1511111821181a1d1d1f1f1f13172224221e241c1e1f1effdb0043010505050706070e08080e1e1411141e1e1e1e1e1e1e1e1e1e1e1e1e1e1e1e1e1e1e1e1e1e1e1e1e1e1e1e1e1e1e1e1e1e1e1e1e1e1e1e1e1e1e1e1e1e1e1e1e1effc00011080038003803012200021101031101ffc4001c0000030100030101000000000000000000000506070304080102ffc4003a10000201030302040401080b0000000000010203040511000621123107134151142261713208151642628191d11723334452b1c1c2e1f0f1ffc4001a010001050100000000000000000000000002000103040506ffc4002611000202020103020700000000000000000102000304113112132141a10514325281e1f0ffda000c03010002110311003f00f34ecca1a2dc179aafcf97fb8d04ae8f51e7c543256bcac32ceefd39618e496c1ef9246ad68b61ec4ada70f4fe3b5a2291fe558eb2d7550e1f1d989ec39196e477efa9ff00082b6d3473dc0d55e6a6d75b342d4e8c96e3562489d487002b2b2b63d47a13ad3453582631351f88364475558c25558aa622ca09e9058798a3185c3638cfdc103dc276018016b3e59bda4cff0046b6e8d8347e38ec9cfba54cbc7f11afdd4f871411c8a1bc63db2eadfaf24155d43bf60131edfc4fb734326d18ea54cb6db8ec6b8d438c7c3a5718cb28fc24868b25b058376ea04f6206994bb520a1842d651ed0a6494932544b778118118e9e964462801c60018ed9ce4ea23630f58469a3eef699f51ec7b1cdd7e7f8bf674c631e552d43e7ef9031ae5a9da5b1e94077f172baa2a1482528ecd2b81ed8669141e3fd75613dae84bcab55bcb66c2ceaa11a08e594c39c166f923452e78cb0f6f41c6bec2766c74eeb5bbfa69649c1594c3b699cf476e9cbcea00e73c0ef9cfa68945cff004827f1fa8e69c7e4b4c877fd0c3b5f7345476eb8df0d751aa492bd7528a49a094e197a42b311c74b039f51a34f3c77a9db371dc295b6abb6e0b9dd982455b3dc681296268e38a38e131a862f9e850097e4e33eba35602951a6e643a0383393c17a1c5a6f5703d2af23c34b0ba9024e7a99d73dd54af723938e0ead25a58e9d53a17120008c8e0fd3eba98f03a82b1ed37768e7e986be58e9c20ee4c7f33127d38900faf51f6d68d7c81d2178e51f8540e9c7cc00f6f7fbebaec35e9a5446896862a1ab8d9cd2c6067054fa1f6d348ad36f7093351c181c8023035210567c0ee98d7cf6f85ab1d0c1870ac01e9ffdd57575de9edd48259183f2230a0f2cc7b28ffbe875701314a8b5dbe922745822a7462464220e3eff00cf4c6be14802832c0a40eca013a59b42435eab34aaaa1ba70bdc7d38f53aaabd52da26a4590c6b8505438625891df3f5e348f314f367e524ac372589d98126d217818e166900ff002d1aee7e52b034336dbf2e9d960f87a8e9949272c64c95c9f403071f5d1ae473c1f986fef411e763c25cd3edbb5b923134f50c3e80141cff000d5ddce6692125db827190783fc8ea276ada295368da2edb47705aaf3f0f4c5ee3679e65a6b8d348c73314563d3346bd390c08382323be1abdf61244571a3adb648c3fbd42c899f6ea2307efaddc4cca6c41a309ab65e449fdd7446484f96e43a1ea471dc30ec7eba556c13575424f525418256a60012555fa431393e983803efa7d7b6124242007230a73df3c6a4f6bcf51e65e47c8169ee31487a8e02e4c887fdbad02dd2204dc76b4f1a32a203185519e91c81aa0be4d2454be6ac63a31fd62819c7ed7dfdffe3513b423bddd6df256fc4d976e5a55ba64bb5eea446981d4311c390ced91c7239e356966b1d837051bd7516c3ddbe2579456496ef70b88b651310093e4a3bc6bd03abb141fadfbf2eef8ce3d674a76648b5311b990f8ed72a0fd01b4514b12cf595554d35348adfd8c680a3f6efd44a8c7ec6746a93c7bdb366a5d9f57e6786147b52b29a30609e2dc9155188890641897e63d5965c640cb67190746b0b232eac9b0d8561b50cbc4cbf69dfeeb76dac9b6ab2cd6cbbc56c2569ccd468b594a0b337424a305d49ea0564cf4f18c6061bc17dafb3471c7045738a0ce3e1e55599157b607ae3bfa9c68d1acb7f2c44bf4efb60ceba6ee81aa246928edd31ea0dd3868240723d0f07f7694d1d451d1deaf13d3d9d629bcd8a3822571e4464286c9c1fc408ea2a3b1e07be8d1a71c11158012bb8d686eb5d59511bc707e71ad8cfcb5154a0d3d3e7fc31fe11c7181cfd75a18b0d6ee4db774ba6e1bbd7de6be84433474cf39548a262cb23ac60f653d192391d5f313c68d1a03e21af9504ccabc478128ad14f4d4b081e754801507e2c03c01f723468d1a991ba5655b6b0ce67fffd9, 'http://wow.zamimg.com/images/wow/icons/large/inv_pants_08.jpg', 4),
(13, 'High Warlord''s Sword', 0xffd8ffe000104a46494600010101004800480000ffdb0043000503040404030504040405050506070c08070707070f0b0b090c110f1212110f111113161c1713141a1511111821181a1d1d1f1f1f13172224221e241c1e1f1effdb0043010505050706070e08080e1e1411141e1e1e1e1e1e1e1e1e1e1e1e1e1e1e1e1e1e1e1e1e1e1e1e1e1e1e1e1e1e1e1e1e1e1e1e1e1e1e1e1e1e1e1e1e1e1e1e1e1effc00011080038003803012200021101031101ffc4001b00000203010101000000000000000000000006040708050203ffc40032100002010304010302050207010000000001020304051100061221310713412251141532617152f008334262818291e1ffc400190100030101010000000000000000000000040506030001ffc4002a110002010204050305010000000000000001020300110405213112135171f0416181222332b1c1a1ffda000c03010002110311003f00c937ba3b91bc4f1dc0d44b7179dbf106525a46949fa8b1249249c9cfcf9d47a9b6cf4b23c5511bc6e8c55830c760e0eb54deac968b6fa8574bd5c6dc5a27aafc4d2c93672cf228674519e270e4e4fdd71f7d2c5dfd28abbd4b49534f54196b257f7d9938344e0066fa4939cf23839ef89f1a491e6e8d627416aa0391b94e3537acdec3071ae9edbb15c6ff005eb494103bf63dc70bf4c60fc93f1ab37667a429b92a6aae1f98fb7698aa9e186343ca7902b1073f6e80fdfbd3fdc65da3e9f5996df410c75152a7229d5c0776f1ca461fc7f3a225cca31f4c7ab56587c92675e6cc42a75befda9228f6fd06cfb6b272696a2503dc948c190ff4a8f81fd9d4bbd62f1b4e9ee29183536f76a778d72df47eb5723f8e43273d45fcebeb62172badee2dc17875482659a3a7420e232b1c81540f03b42a3ff9af3b48f3aaa8b5d4c0f19af80448a7385a88c7284f1c7d45b0ca07c973fbe87e63120b57ae89a88f6f4af34a676b4a5f28629e88c0d1a34f0ce155e4e202391d70931fa9813cbb6c0c364d2bdd2e91db286a16a1db9055587839fac81d03fc0c0c803c7cfc9a26359483a50ae6253a9ab6f7a4176b9d65235c2a216aab1c4093011c9586184e7fd5267f511d76081e4e5d767226e0a8b9d6ad59a4828a21354c954abee00d9323715c2e321c281f61f1de937d05db759be48aea2be9a6badbd7dc2920e5ee2671e0e4119eb07cea6ff880be5450c74bb75628d2b6a0c72d7434a0a89a4c1f8c64fd441c1ce7e9393804cb07bcc309b91f16f53f1f35490e315159e3d2f6f3f94bd6faf82cd490b524324f42b7096b78248124480151c4313db7153d0efc6b97ea96caa817baddcbb6d69ae1432a2d53c50b1e48a572245538254820903f4924785ce9b366fa7bea35520bac344f414f2091520a987dc12c6e79f168c9e8671d9c1ffcd7d6a2e66c35c9437c80d1cd6b229de5a32d208509e71928fdfb4039552a4f60a938e25b54c42a4df698311bfadfc3d2bb989894e09745fd6fe5a902cbb96d520171a8a579aae9a592a1602ea00760adf380630c8c78f447b83073e64ed78ae97bf6b72d7830535bdcad0baae18b86e48a0e3b543e3ede35d9befa4b4d72bdad56d9bed07e5f5b22ca61e5d2a3498223380471fe8755603e09c13d0f58f70d16cddb115b6df1a215514f434eed93c476d21f39f3e7ee46998c42cc4245b9dfda834c27295a59b455dbdcf9dab3ff00aa31a47bdee0211edc2ce1a3873fe482a0fb7ff5248f8cf9f9d1a5ca89a5a99de79e46925918b3bb1c924fce8d50a2f0a806a6246e262c3d69d7d25dcd7eb0eeca4b959a59a3a8a675659064a28f957031956f0467bd6a3d870d28dc56ddebbaeadcd455a2c3448c0baabc832a7bec0c73c767cff1acc5e9c5a2e42df2de68642bc6a7d905402792a733d1f3d67f9c6afdda5ea1daabb6847437eb5d3c91dae7cd4d2d2c7f4b4473c254524614330e97a00f400e235339c42b2b12a3d891bd3bc03b2476eb5ad2e174b7daec73ddaa6548e869a033b499180806723fe3584aff00bd26bc6f5ba5e96aa6862b85533471c782c88a4fb408618c8e8f5fbfc9d38eebbdde37b5b3d8b643754b25bc08de9e9e15674c0fa55951b2015cf67382bde31d4aa05db960b656d6ece912b2be17092355d3f230ab6155d720f16fa89ecf5820a820e92e5f864c1025c5d8e9d87bff0094561f0d67fa5a96e9e4ada4b3d3d55ab62de6a695e6f6a3a80594bc83c7150a49f04f606323efaab3d74a9bf5d7759aebc5a2aed5188c474f4d524178d540e5903fddcbfb1ad3363badc6b69aa2f370b94b59f873196344c89146ce102ab30fab39c0381d1f9e88d567eb6fa7b725dd354d4b4b73aca778ff00126478848f08e00b09193e9c82ac3e0fd3f7d39c0ca90cd722c7adc9fdd199a453cb108cb69d00036eddeb363020e0e8d49b947edd5ba0eb89c68d5403717a8c61636ab265dc91ed9b07e4b4a62622b63aa5788672e8b227c9c1521cfc1071fbe34a15bbaea4d6b54d04094bcd48655c8ec8c36318c03f6f8d1a34243878c8e222e4d152cee1aca6d5def49fd4dbd6c8bdc35d4d51318e2392a0825860fd2723b5c9f1ab1abf7cd15f7762deac2f514b5734c25a9a790e63662c7214904a9219b0478ce7cf834682c76061b9980b35bcbd1b97625c9e59d8da9a28f69da7f307aab9dd6aacd722b1c70d056c7ec46a4067059d400c99e831ce3a04781aed7a934db9aaf62cf0435af5d512489c921b8432453c00039039070dc803823b04f47e0d1a411b3385918dff0094f0bb22941b5640bae56ae48ca1428e54a9f2083a3468d5b27e22a35ff235ffd9, 'http://wow.zamimg.com/images/wow/icons/large/inv_sword_117.jpg', 1);
INSERT INTO `equipment` (`equipment_id`, `name`, `image`, `image_url`, `equipment_slot_id`) VALUES
(14, 'High Warlord''s Plate Helm', 0xffd8ffe000104a46494600010101004800480000ffdb0043000503040404030504040405050506070c08070707070f0b0b090c110f1212110f111113161c1713141a1511111821181a1d1d1f1f1f13172224221e241c1e1f1effdb0043010505050706070e08080e1e1411141e1e1e1e1e1e1e1e1e1e1e1e1e1e1e1e1e1e1e1e1e1e1e1e1e1e1e1e1e1e1e1e1e1e1e1e1e1e1e1e1e1e1e1e1e1e1e1e1e1effc00011080038003803012200021101031101ffc4001b00000300030101000000000000000000000006070405080301ffc400301000020103030303030206030000000000010203040511000621071231132241425171141608243261629172a1f1ffc400190101010101010100000000000000000000040305000201ffc400291100010401030205050100000000000000010002031131041221518113226191b171a1c1d1e1f1ffda000c03010002110311003f00e36a99e7aaa996a6a669279e572f24923166762725893c924f39d79e8d3bf457a7b70ea4ef9a4b0d3178690665afaa033e842be4ff00c8e42a8fb91f0091cbe1342d60ec9d87b9376cd4eb6ab7cbe8d4d4ad2c35128ec85e66e02073c139c78f1919c0e7562be6d2da7b16cf55b22b76e505daf34d39171bcbcace59ca902381405ec55cfc9c961cf8d5d6becb491d86e755496ab650ed7dbb4869a961a9a8689432b773e08058caf285524f2597cb336b9aae133d4dd5e4aa12332a876677ee76771ce4e73c018fc1fb68ef99e5e630daf5b1df8fb72a8da1178a7d927ddfa7570fdab26e8b3491d7d0d34863ae8210cd3d10c656494600ec6c361972060e707489abded9afb8d8af31deed30095a25649e095731cf1b0c346e3e548cff00d1d20f5ab6a526dfbfd3dd2cb1b2d86f911aca05e4880f7624a7cfc98db8fc15c9ce90308b14bbb8291e96a27a5a98aaa9669209e1712452c6c55d181c865239041e411a35e5a35cae8d779ff0e7b6b6bdc3a2bb4a0a5ba7edfdcd594f5462969670b2d52c555277978cfb665ce0e181c60608035c19abed06cdbcef7e906d8bf6d1ac5174dba9530d4d389bd29141a8965574738c10187cf39f390468fa990461a5c685e7b1ff0015236975d2b4f50a3aab374ff6c2455350f555d0caaf86e241231924720823b8fa9c1fa7b9b0750aa6a39e5b9d63c327a71893b42840c4f6a85f9d5f3ac913c3b4ba7b4d50920923a12ae246cb0611420827ef9d72d5e52f775bf5c69a9ef0d4b430553ab10ddbce7c61796f1ac8d2995ef779abd7ba6cc19b0022d345e1a35a429e8892579123124992d9eecf03c0f1f035917b856fbd1cdc96a7a632d4d82a21b95248a8321598473027ce3b4f763fc7fb0d615604f4add1bc9c89d002dc16214f3adf6c08dea378d6d8e390a0beda6aa87e903b8c44af27c72b8fc91ad4d237cb7d565eadd4f03a2e787564764618653823ec746be3860c4302181c107ce74696bdaf6a1a5a8aeac868e929e6a9a99e458a186142ef23b1c2aa81c92490001abadbe9ef368bb511d9d717b39a6b2c71ceafee8e512cb2cfe9c849c10164193ce31f1c6927a3967dc16fbcda77c534020a086e3fa58aaa490a0321425c8ed21884425ce38c023ee355ad8fb66db71a3a9ea25452d70a7b6c75924544428efa4f4bb23902b60b2f6e7c7b491e40ce87ab70005e3f75491036d646e9eaa515ef6dd91b73d24d6fb9d0ac81129e1ef4ae0c13b5a2c7b7e9c119c03f3f023d0d65e2792e155430454915554c93896460ec01390303233ab16fd9ad555d2cd90d6680535adde534f098fb7d3529ee0dc924f70624e4e4b1d49aa9e945b69d36fb4294deab7aa1830383e71ddc9ffcf1a1e834b13417b4649e0e05138eff005f6569e479a04e16ce8edf52d65a7bccd531d508590cf24ac04880c857289f201c02473cff00ad8592e135977250dde05577a49831561c303c11fe891af965a0a4b9d9a2a7a9aafd2c6a260b33a0204850b229048c062b8cf38fefac3a294d598a0893350e064b63b633fe5f8f3a740fb04743f959fab88b8b6b9b4bdd78da8963de15575b546ef64b94a6785d4772d349265cd3b30e03af90be7b4af9e7469f6b69163e9d6f1b55d1da0a7a7a64ac59e401a3156922fa5938cf7c8ad34608e7121cfb41c1aa45297df185431ec0012906dbbd66b674c2ab6cd577bd42d54828a22a310acc13f50c78fea22245e7901db18c9d2d6d4ddd7bdb7b961dc14153ea55c7ed759fdf1cd191868dd7e508e31c6382304020d1aa3a36969b19caede6c7a2b56f3df1b7f70f4fac8d679a928d60ab2f2d19215e958a81ca8fa72382060fe78d49efdb9e00d2474204cc4f3230f67e403e4e8d1a841a76c4dda317f3caf724a5fc95b5e95d5cf72378a5a8926a899c45500e416c2b10f8cf19c3703c71a7fdd72d8e9e792fd34276f5adcff2f4e7b99980e02c6092eed8c658e077127201183468930dd3f87806be3f8af19a8f7f4524debbbabf734c96fa65960b5c72e69e8d492647e4091c0fea930481f60481e4e4d1a35a4c635829a3844738b8d95fffd9, 'http://wow.zamimg.com/images/wow/icons/large/inv_helmet_58.jpg', 2),
(15, 'High Warlord''s Plate Armor', 0xffd8ffe000104a46494600010101004800480000ffdb0043000503040404030504040405050506070c08070707070f0b0b090c110f1212110f111113161c1713141a1511111821181a1d1d1f1f1f13172224221e241c1e1f1effdb0043010505050706070e08080e1e1411141e1e1e1e1e1e1e1e1e1e1e1e1e1e1e1e1e1e1e1e1e1e1e1e1e1e1e1e1e1e1e1e1e1e1e1e1e1e1e1e1e1e1e1e1e1e1e1e1e1effc00011080038003803012200021101031101ffc4001b00000203010101000000000000000000000005040607020308ffc400301000010401030303030206030000000000010203041105001221063141131451072271326115162381a1b12491e1ffc4001801010101010100000000000000000000000304050100ffc4002511000202020201020700000000000000000102000311210431123251132241a1b1c1e1ffda000c03010002110311003f00f939b56432790765bcb726497d456e95fdca59279249fceaf3d1bf4ea4e56521d92170b1ab46ff0058d5268d6de7c93a7b11bc5f49602039260b13b24eb6243697d252db29afd4a1c6ebe78baee7e352a564fa8e76220313b33ed1996f1f6f1988c8652db44d2dd56d03edfb8d0e6cf3e3515971c6b53569e28270770ea5cfc3e9ec8ff01e958d1594c33fd6906382a5aec93577c7c7c7c9bd78e1fab66ce5b8de72163e7c18e52296d25a3bd4aa09de39b3cf3742b9e34973dd33d40e66f23263c665e0dbc51216992dec6dcec41512073dd3dac7e0812315d3f93cc63ce350db30f138d0b7a6644a0fa6a5d7214e7e927b2523bfe7439503b950c938c479d77f4b232a6c97f17e939e92772a3477924b777c902e81daaaf9fefaca727869106516df8c50b4f09414f7fdc71cfe756480aca41c6e70e2e6488589525b6dfd9c17942fd3048e7ba893db83475a2b927a57adf1a32126742c5658a4fb96df7bd3a580394151a293f04f1fe748b6328f7106da119bac1985b2b9102737222c8545971d7bd0a42a8a08ec41d1ad17aa3e9db98d6512e0bbee92f24a93b4852544593c8ff43469d6e523b923f1d81d88ff00a8a24bc7c75f532e021f6088f16107095254fa9aba091c900249f02cf06c697615cccbf909d9361a8f93c84268c8981d7529f4508e4ed46e0484f73b6ebceac3d6109f5254f631b92e961c4223965d4ad85394a2b736dd8705f26800685d8e63f4fba86a6b2a991d063b0a428a01294a9853a1b50ed74a428a6fcfdc4d917a818e7b9b15821753993125c385905aa4e2e43315e5c78d25f614a7e49eea4b6da4d28824fdc7b7fa83fc60e57a531f8e627ca29c4c7487a0c85142413c9284df3c9e49a27b8f8170cfcbc363e4ca7fa4fd5c3633d52c1986429c9520f0a28438b4a88055f714201bee48b1744968724e7a2cff007cec842dd4b4f2df295ac6fbda772400a048ae6883dc77d0aa606cc5f8ad9040d467d2ce2337d1991e97656dc390d49322ab872c8da546af6f1b7926ad27ce90318a7a2e65d85948c1a7500152090aee2c72383c1d57a6e426e1fa8513e13a1b911dc5240ab0403441f9046af739e47556113d4d8a4a4c882d044e60595b63bd81e522d5cfc1bf06a800af5d1fcc070093ee3ef148ca39d2b9232609f560acd49887843a9f35f0a1dc2bb8fc58d1a459c73d6616ab15f20df3a3552a646c485db07e5969fa4ff50b20e65dac6640dc692d169c4c85108570aae079209bf93a6b0f0ceb59199d353737ff002964258f76fa908900a6d0a4bdb8a12688a0a4f9ee2f9c6ba527b91f2f1dedcb5ac2c14d77493607e47ceb6eeb092ee2b398fcaa511ea64161791885256c3e37a9addb0f73413cf7f20f1a0e457bd7d63f06df25d9ea79f5132f6362b2e4bc63c5988b7032ec59cda928dfb4a93ea361493cd56e0927b0ed5aadce6b192a0cd4c4cdc288cbeaf5cb920b9ee14136a08d81246fdd5ceea35c77d4ac9e7f121ca8b0118fdd7bdcc738b6d6ae7b72a2929fd88d55721259755fd1c817d6be129f600b9c7f8d054b8ec4baef2c77136465c89b2d4a11cb8f2cfdc5ab3bbfb577d6a9d1389ca7d3d386ea38525b5e466a0264c3785251becb6857623726afca555def497e9726325ecce41d539ef7170cca8e3d5bda794a8940fb6e95c51fb7f24571d2dd77eeb2efc3ca216fc496aa74a9745279292827f49b02bc5f7ee754baf929006a67875561e47b875a65b1d3643ce7f2bfb39bbcfab1cb7b52d106bb821279b17b413ce8d59bae7079aca84c9c04d565a2148dcb750db921a5d5a86eee41bbe6e89a1f3a35ca88f1fe989629273fa1309c14a4c6c832ba1416378526f8bed5ad97a99993935233319d7e4b4ec76a392daabdaad3b555e06d344837c9b1e7468d372358322e092722256594cbcb25fcb18f223451eb5064c75c9a1c375fb9144f81e751a44b67230f259292a86c16d2dfb5c7c46034d20acf208481613c820f73df468d1a280da955ac71b91be973a0f534961509e90ccc86a616f241298df7a541c3c81b414d73c73aa867b7c5ca3ac225da52aab4022ffef468d38f51905be80633c4f54e5b16969116416d454058573c783f9ffcd1a346bcd5a93b13a9758340cfffd9, 'http://wow.zamimg.com/images/wow/icons/large/inv_chest_plate20.jpg', 3),
(16, 'High Warlord''s Plate Leggings', 0xffd8ffe000104a46494600010101004800480000ffdb0043000503040404030504040405050506070c08070707070f0b0b090c110f1212110f111113161c1713141a1511111821181a1d1d1f1f1f13172224221e241c1e1f1effdb0043010505050706070e08080e1e1411141e1e1e1e1e1e1e1e1e1e1e1e1e1e1e1e1e1e1e1e1e1e1e1e1e1e1e1e1e1e1e1e1e1e1e1e1e1e1e1e1e1e1e1e1e1e1e1e1e1effc00011080038003803012200021101031101ffc400190000030101010000000000000000000000000406050703ffc40035100001030204050203070403000000000001020304051100061221071331416122511471812442528291a1d1152362f0b1c1e1ffc400190101010101010100000000000000000000030204050106ffc4002811000202020003070500000000000000000102001103210412510531324161b1f022238191a1ffda000c03010002110311003f0084e0ec77de8d54accc79997212cbd210f105654e04155d57ee0edb8ec30853b8915414c6e69a152e532a77425bd490b4aafb6da3bef63f3c35c337529c8f5d96cc6f8553705e51d2090a572ca75dbb0dee7aec312594a24b8ae4379549455da8b210f290c39ac2936b7a9291cc16201b5ac7bdf1c97ba63df3e93172da2fa19d333556334658a222b92b224082c3fa51cc32d0e9dc5c1b206c37efdf13350cfb9c9ea5b95465ea6c361214436d29657748f524f6f3be3a1e77ceb4aaa53a4c48c972aae7214d088cc57525e51fc5e91a74daf7ebb6ddedc41745acb54992c2a94fb3cf55c190e2594b69fce413d0fe98c1d9f9b2665bc8b46ff9f99af88c2b8976678bfc40cedd4559080920288048b9faf83856979b33149aed3e3cacc9507632e4b68740788ba0a803b8f17c252e1b90cad4e4fa6adb7458a52b53bb5ee2f64dae3e78c65bd198525c4bae2969214901bd8d8dfb9f1ed8ee01d27098f919db78d50e4c7afaa75383e1c6dd2a425957294d149b85248d88efbf73d30634b8e81536851e694a5e6d68449572ba1ba028f9d3bf5dcef8319f01253626be33957249e9ab5e59e18394e7e6b46a15769b6d96d949f4c7d5a9c51d8017234fb9b9dbdb3abe972a997a895765d11e694b909e7d2a2d9e626c50b2a16dec00b9fc470cf105b6e4d6a9f4d50488f1e9719b468ba53ea4ead407cd5fb6306953d2dc79597e78bc7716742c7dc736b1f91b0ff6f896045344421c148d4f91c517a172e566196a8eb16ba67800d957dc83effc61fe1ed1e155732eaa8fdb1a8ed84b9ce595875c23751b9e8311eecf4b695c390a0875970a81ecae82ff00f986f29579c830aa7f0da42de286f51ed7ebfb03fae2b225633c9a858b7902b4f5ced555d565bca4b6dc688d121861b404a5001ea6dd49ee711c61bd2125680108009d4ad81e9b0f73be2961c3f8ed521d0a4b083d3dc9e9f5ff00ac2f554f2c06ed6f1ed86c2bca2a1f12fce75dd2fb2ad6e4d6f84d51a54a79c7e450424c6284dcb8d2b64a483d426ca1e014edb60c4ef08e2a6a0ed7e0b721bf8b7207d9e3b893a5fd2b0a59bdc0f484dec7adfe78313f4ab19e02eea3d2567194b0f57a3c888909799a73064841b9751ba4a8794ec08faf6db9eb7199554252592a0d0d2a6ee6f649bd85fc0c5a714de4be9cad5261ee63caa6ac2d4527701cebbfb92ac45509d44512243ae06d0956a4dcef602e00f7f960d4d254d247dce61e711a9c3354cd30a9e84fa9f7c344a77bdd76be2c78ad0a98c66653d468adc785361216da1b16405b576d49036b6c137f24e323858e32ae24539c7b4a8052c81a4aacb0daca4d86e7d56fd31439bd0dbd93e97375b7cb8b5672325453a540388ba893f93f6f38422a96006b7661f3e5c9ea6f3a35212faa4b0e30e2cab94010a6d5600efdee3dba6de70abcc2e69724b80b715a1775c3ff0003c9385e9ee20c911262cb4d304dc8ebf4f3fce346a73dfcc2fc6a44361a8901a254da7f08037528f736c5336c0592a9ab69efc21abc781c4788d18c82dcf42a0214a56ec973d2149f37b0b7b123db063228484a737d2be007a7e39a0cac917590b4d891dbb5af831197159044f30e6a06c4e9b99a42ea7c2aa5d7e553633edc27508d0e23428b2e0b5c1049075a7cdc2bc639dd762e5f94cfc4407244274def1d49d601ff0013fce0c1884d0d7533438b3be83da78f0c1ca91cfb45854e0cb8e9949d3a99bd93f7cec2e3d3724f8c5cf105c9153c8b568b4e8ecbed536a2994f69410a0c9d49d69f913bf837e80e0c1847f17ebde063f0d75bf69130a8d5fa883219a3bae5922eb4dbd5feff385e4f2e3aca5e90ed3e494947f71a36b1f236fadf060c1e372cd51b2696e6cf08a0b5fd726d424ad17a3c72f36db6a24baa50d0850ee0249b93dbd383060c23924ee020a5d4fffd9, 'http://wow.zamimg.com/images/wow/icons/large/inv_pants_plate_24.jpg', 4),
(17, 'Warlord''s Bow', 0xffd8ffe000104a46494600010101004800480000ffdb0043000503040404030504040405050506070c08070707070f0b0b090c110f1212110f111113161c1713141a1511111821181a1d1d1f1f1f13172224221e241c1e1f1effdb0043010505050706070e08080e1e1411141e1e1e1e1e1e1e1e1e1e1e1e1e1e1e1e1e1e1e1e1e1e1e1e1e1e1e1e1e1e1e1e1e1e1e1e1e1e1e1e1e1e1e1e1e1e1e1e1e1effc00011080038003803012200021101031101ffc4001b00000203010101000000000000000000000007040608050203ffc40032100001030303030205030305000000000001020304050611001221073141136108142232812351714262a11516528291ffc4001a010003000301000000000000000000000003040500010206ffc400291100010400040503050000000000000000010002031104122131054151c1f01314b122617191f1ffda000c03010002110311003f00c6f2e4489729d972df76448796a71d75d5952dc59392a513c9249c9275f2d77ec6b5e45d958ff4c8d54a3d3564643b539a88cd93e120a8f24f8001d3bad8f873916d5cf04f561894d5b92dd6d2cd5a9731b5c30a50384beac15a10b516d017848cab19e7206f95acbb44644e7900247c9b46e46a5458cdd1a749765466253298ec29c2b6de4ee6c80907bf207b83abb513e1efac3566da723d8d52683a3291254dc723bfdc1c5a4a4f1d8e35aaeb7d538547bae1532d4b7e35124a0b712ba829438eb511af4d0d96d4d956e406dcdc36e36841ce79c2d2f8ea15ff006e4190c5c971c7a530e05184b5a449a8c9c2c25252d8da11f4a7952f03803927531fc51ad788f7276df5fc0dfce89b7610345bb44b76fe18faaac92ba9519b61a095abf465b0ead5b7c04fa8395718ff00383c6bc55be1feb49b7dbb9a85598d53a1b900d40be59521c69a42821ede819e5a513b824ab81919edaa74dea1d55f94db827565490afd52b9a9cad3fda0206c3dc8fb80f7f370b2aeb3548959623373e9946854910da4a25214fb2c29c2ebc039b109deb2951276f290478041a79310c6877ed00363269baaa84ee9c5ef6e97eaaf474c16a9d212113c4e69a49706148534a2b0547185029e7b68d4deb2546a86b709e799a5263cea6c79301f8ac616629404b609512a4a86c215ce72147273a34d40f91ec0e70082f001a0987d01e95d97d56b12a6f3d12a144abd11c692a982415459ea70fd2daca861b248dbf4fdbb82b9ec5c17df51e2b767cc6a0a1fb76e0a7c46a155adba93693f30c8219c4638fad49272950f6e067503a0bfed1a0f456bb0e8b35fb9e2cc3ebd620b65226431b36171b6c84950042159240fa4e09e7490bffa8f39a64bd4abbd75277d440865e683efb681b8a94a7563214329483dd407238c989892f9a6cad175b5de97f7a34ab42f6471673fd543bfead70c7b9c41975d9b21ca42d488ae7aa52a677614718c6d573827bf18f0355475c71e756ebab538e2d454b5a8e4a89ee49f275f690ebb3652de75e71e75c515b8eb84952944e4a89ee493e7425b42c86c0c0ff9793ab7044228c0a1607215e6b654a79cc495ea970d5365a5904807b91e06bbd7152dca651615342825cc7cccb0a1857a8a036a7fea9e3f927f7d58ba3548617507aa73904c286d979ce38504ff004fe49db8feed702fdab2e74f716e1dce38b52967c73e3f1db499c4ba4c57a6dd9bf2b32d36d70aaf539b5479976a0f7aaa619430d8c01b5091c0e3f27f3a350346a9068029724dad93d2ae9c5cf168772552c99f12652ae8a0389943d6fd462604af684e339ddb9583dc6f3db009cacedbd36973aa6c55623ad4aa6a541e8cf20a549701c6143bf1c9fc7beb60f45baab0dfb523c6a1c610eb10de6cb4660534c54d05237c7f536fd048dbb56a0403b7dc6a6f52dea1754ecd5d669d468b09e54598a0a92c290e21e6482eee2805b5a30420ee500a3d88238f3337107619ce706dd900f23d3e3cb543dbb9ed1d355878b4a6a2b3354ac7cc2d68c631db1923db9ff1a996e435cb9c0251b939c73e3df5dfeaa330dab885320474468d0521b6d03277a95f528f27b64e3f9074c0e9559d1ddaa375090594c186c89728ff0042c01c0e4f72a207e7db4fc9c400c28988acc2c76ec93f4feba5eae88a2d5b262d3528f4de96bf9894838dca09fb013e783bbf38e31a474b2e3d29c5b994e0e72af03c698fd5ab89faa5c4eec5a4241c6524f61d873dbcff00ee9713979581f93adf0985cc8b3bb776ab521174146d1a346aba1a61f4aefa45a0b5459d4b90f0131a52dd6647a6f32d02af51b4a540a724ed392010518cf274d5a3f57a914ca40721b3399af2dc90eaea025fa4a4296e05254940c3782900388daa0a2010524649a35171bc3609a4cc742774eb31523620dbd0252ca92c572e69328b91b63cb48da4e0a139272147b91e71fbe9cf725d346b5ba634eb7e138d499730224cff004b8e4636b7fca72547bf2b3fb68d1a1cd866676c7c876400e24dacf15ea8b52e5bb21255b9c515631ae1b8b2e2b71d1a356a2606b682093aa1b42dc712db6952d6a20252919249f03468d1a22c5fffd9, 'http://wow.zamimg.com/images/wow/icons/large/inv_weapon_bow_08.jpg', 1),
(18, 'Warlord''s Leather Helm', 0xffd8ffe000104a46494600010101004800480000ffdb0043000503040404030504040405050506070c08070707070f0b0b090c110f1212110f111113161c1713141a1511111821181a1d1d1f1f1f13172224221e241c1e1f1effdb0043010505050706070e08080e1e1411141e1e1e1e1e1e1e1e1e1e1e1e1e1e1e1e1e1e1e1e1e1e1e1e1e1e1e1e1e1e1e1e1e1e1e1e1e1e1e1e1e1e1e1e1e1e1e1e1e1effc00011080038003803012200021101031101ffc4001a000002030101000000000000000000000000060405070308ffc400351000010302050302050204070000000000010203040511000612213122415113320714617181234215528291166273a1c1e1f0ffc400190100020301000000000000000000000000040501020306ffc4002d11000103030204050403010000000000000102031100042112310541516122718191f013a1b1d114c1f1e1ffda000c03010002110311003f00f2038c552a329c94f2644a912165c71d71454b714a372a513b924dc9270cb90a8b50466582f200b17d28eadb5051d246fe413f4c3ac89b4e7b2c477a0542a145962395c6525f598f3128b8534ab6edbc93b0e52a16b917179197f38ad30dc7e4d2a1b9546ca7d0980e84155efa9c686cb50ec414824f5057749717174f5ba8b48ea20e08e539c11e4646644d18032cac15ab6834a994e3b52ab4ed01e594b73f5444af8fd549bb47f2a013fd470c127e15d4511a221b8aeb5312ea3d64ba3917eab91c5b9f04718e94ba751e3b8243ed17165455aae484926f7b7dff00b634bcb79867d4295369c899352cb6d596ea9e2bba482348bfb45873bef85dc76eee1921f614231a81f69c763b7955f843cddc2cb05b3d8fde2b18aa16abcd56238497430b765c4582069eadc0bfed50b5c7900e33ef9079b7bd2949530bb5c058e71e81a5d121d12437586e3b6bbb2b65d88a52ba9ce0a76374dc58820edf5e30bf568911d69a9599d096aa2c29c4888d025521b559482540e90012a4def7b002d717c3262e160c34994988eb3b6de993b666870f34fa8a54a850dff3bffb58da1d7604f6a44294e34fb0b0e34f34a285b6b49b85248dc1040208c18b8f882c468d9a25c686da50cb6b002522c01d29d561d85ef830d9a5eb40575acd69d2a22b4aca14bf428d1a25469ea90f4e92644669e4583686d2352f7fe6d4058ec458ee426d519921d4b2d6620dd6291f24e3c812a3c7d674ada59252526f7b6d6df716208041c48a0c946645495c0952a8b522cb8e38e8595b2e25292a5dcfbdbd81deea1c0b0e71cd880d3d469682a56a8cc071bd47c137ff00df6c28b24388716ad5b6e20ee768cc463bcf38adb883cd06d0829de47a7e79d484d78125aa853633e54352145bd0ad36e0117b62db2666472895670d2ea4a88cc9e8532eb21617e76dc7d3bf9b614735485a2034a659208b5d453ed4f637f2aff818e912a91236518d265454d4aa0fcc5a94da8101b8e84804f4ec0951e483dfc62f7b6e9ba6742d1338f938e541d836a615f51b3a6b43a54296ed5dd4b6f87e1cc292e29ab6a654856b4a923bdba811e09d8f06d664585e8c472b14d8af486e4216a9606a40034dc1b6e9dc01a5600df838a34c0a9c4871a44642d2f165a7cc55ea2e33ac1b0361b8b0bfd3b81be3ba5acc722449f9f9109e5ca88a4aa30ea42c24246b56ab588b27a81d881e6c5330f8499d600fd63e1daa97962f29cd4327e7cfea946b196e84de7894c89526a05e7f5a03c8b04051d4b2b26c564024dc003bdfb60c68d435ce921fa5c8a0bf2f5474b0e3eb63d81434a7a8d8ec751d493602f7e76304bf2424216440ebbd1f677660879199f9d2b23c96dc98f916a6f325484bce30872e396d5a946dfd484fe3ee7111c92ea9c5210bb2548d3b6fd3e3fdb17b922a4cb0cc865e6db7e3c84a50fb2bd5a48b82920a48208201041b838b3aae52a3c825ca6565da72cee9666b05d403fea37bdaff00e4fef829ae28d30a5b4f08d4666099db06338f222a2e2c56ee971198111d3fda8b43a4a27c675caacd6e2447da050809d6eaf4f4f4a39ec4df14f36849a5e6014b66497239652e07e4a3d34e837dfea05b9ef8638746aa4286aa9bc234cf90713a24457fd668b6a1ba4fee4588040501ee3ce1d2a34463e21d029adc0f9562a301e57a0b7906cad7bfa4a23817b58d8db6ed7c4a6f06a2bfa9e1dbb03cbbedd7db15b084a024a323eff3b55efc36aa7f11a2487a7bf2e53b09b421a94b6d216fb6820949b6e76e0ab7d24f36c2d66165914c1f208f55f5b019774a2da47aa56bb9ec490dfe11f518a5c8999e4519696dc793a1d36b873a9247008e4149e7f237c39b55ea654d2110bd38b31c24fcb3a4250e1dbd87da09fe5bdbc73a71cdf10e18f5a3a5e684a2671b0ff939c6076146dadeb6ef85660d2db79c61e53c8ed95381e9f6530cc70424856b2ad64760011bdb9b60c62df1294fff00885d43c875bd0a5242569d240bdec4790491f83831d25970c6d6c85acc939f7f2a12e2e88708036f9cea860d4a6c320c792e2078076b78c30a336c972106243d729f6aac6eafbe0c186aedab4e99527341a1d5a363536899f24d22436b8c75b60143ad2c743c856ca42be87fefb61f69d592db66a54724c27804a8056ed9ec85f858f36dc6e2f73830600b9b569885a06e403de7f5cbda8869c53b29572048ab7cbacd2d6a94ea5f6c333d4199901e62ed380a484ad3a7a8381c2950b117e2fc8c212b3151df90b696b729ee2145290f7eab448db65246a1f90afbe0c18c5864ff0025c851e5faf5f5cf7ab3a129693e1eb56155102bec284f5c4965b45c4d666203cd803821762a480383c7623060c18696dc3b5ea1ac888da3e7b47950aedd6903c20d7fffd9, 'http://wow.zamimg.com/images/wow/icons/large/inv_helm_mail_raidhunter_m_01.jpg', 2),
(19, 'Warlord''s Leather Armor', 0xffd8ffe000104a46494600010101004800480000ffdb0043000503040404030504040405050506070c08070707070f0b0b090c110f1212110f111113161c1713141a1511111821181a1d1d1f1f1f13172224221e241c1e1f1effdb0043010505050706070e08080e1e1411141e1e1e1e1e1e1e1e1e1e1e1e1e1e1e1e1e1e1e1e1e1e1e1e1e1e1e1e1e1e1e1e1e1e1e1e1e1e1e1e1e1e1e1e1e1e1e1e1e1effc00011080038003803012200021101031101ffc4001b00000301010101010000000000000000000005060704030208ffc4003310000201030302040405030500000000000102030405110012210631132241510714326123718191f015a1b172a2b2e1f1ffc400190100030101010000000000000000000000030405060200ffc4002e11000102040209040203000000000000000102030004112105121322314151718191a161b1c1f006d1153252ffda000c03010002110311003f00fcb16877bb555456d6d43c93492179a5998bbbbb124b124e4924e493aa53d1b53778d0538f1815ca98f048fb9f6d3db574d74e50c3896aaa2a379f3352c1b5338cf0d232923ef8c7df4d269a09edd0dbac104b050b11e21900134a7390180ce147040cf27cc7d319b79e7dd7416410389161e6bd290ea54d21042c82784435c7a7ac96189e9aa88badcd3719a28652b14014f39907d6dc8e07039e49e353df33601dfa79c8f7f9a7d68974e95b94923d4d2d24cd1677058cf98649246dfa8e33dc0208234abe4ee0170b5354171dbc9c7db24823f519d3ac91975945477dc8f0367db98f6aac55207bc2ab1daba72f4820669ed1532b848249dcc91392402090014e4f070477ce3bebd2e5f0faaecf51e157420f9776f0db86324120f62323bf23fbe9d5074cdca50267827589c11e23e79423ba83e63dfd07a8d5259ea1add533415f4ed25ae672f242065e2c820b460705b8036f661df90a40660be8aaa5d751fe7f47e0f711c0719cc12b1d7f6232ea8b69a4904d4ad5105653ca8f054c4e432329c8231ebd8f07208d1ad71cf4bdca0578dabe085867c47a74654e3393b189c771d8e0e8d2c8c4a65228a6955e55f6ac154db15b2c7789feabbcd32db16ccb3ed9f1e12ac718656dcc031639ee0138c0c77d75d82599a7821a3a7dd364076652551577156f4cb6d0ca0679d83b6a52ae9e99faaa9e9d6511c79d9b87b81803f538fdf5511a0ac8be44d5353c183e48c72ec012b93dc004738e79d5bd120325c59b7b988ab514ad2d20549153e83e7946c564b40aa052488c81137a83c862470a08fe01aa587a1a9e5b7a541ae71942fb44596e3d8e7207f39d6676ff0088b6fb1c14d6eb652532c31c49888cece5594906224724739ce7d3efaafb775135cfe1ddc3ad99c477382ac4d4d3221510f8608589172711b786a08f5cf9b3818c638d3ea5541a031a2665d0945c5e382f5666a458c45190d20c3151b70727cd927b1ffad65bd472cd056c89531a00416a7913905b9550d8ce08f330e79c03c76d59cdf13a8aedbd2be9e8e0f19377841d9369c63ca1b38c9238cf1b4fbeb3b826a681a54a399a3a690b3352c987584938011bb950303f72357f094d5591eb7af788f8834a6815b62be9dbeec8f8e90bc53d20aab64930123bb08e378fc9b186ee5b39c824fa1e33a353f5694f4fd4e803291b4330ef8279c7edfe746a83ece8dc20c01395c485a77c29aea97f9df9b0c0488c1d7f31dbfc6aaea686affa9fcb949a9e4605cc32e6378d79c061ee493c7b0e7bf1f5f09acb4f71ea292e170837d3db104c63382af293f848dcf2321988f6423d754df11a7690daebe39a4df3c52d3c9306dc46c6dcb827d7f10feda57f9064e2289550b52fce9503b0bf4871f61d1285e6ff00b6eef4ac3be8db259c542f31c91a90ce813eaf4da79fcfee354771b0552f50a59692458fa7ee04d6d420723c329f5c58f5dec22c70479ce48c6b21b6dea5b750cb6ca1a769184b8255086604f1bc9380f8ee3f6e39d51d1dda697a1ae379a8aca94be41328a7a93291353c6b902357c7d273c81807776d2d36c971ece8141b29b7adfbc164b3b4de55ab31e3bfc5a1ff005b596cb2d6b24489021c85531fd2477239f5cfe58d66f1daa24afd89b47880b42a8dc30c9c81ede5c6bd2bba8a796dd2525c699f12923338ca0cf39247df9fe634fbe198f03a884cf50ed1525be59e2924386190100c8ff58fb0d36a75b9690595275922a0d4dcf03b46fa5a11d1bea9b4d17aaa3b2d403883b7bc67359134352f50eac92fcc38903e72a55c80307f2c68d59fc52a3a6aa78fa86961547abc415c15b70132a82af9f765ce7dca93eba345c3e704ccba5c363c381de3eeea43730d689c298f6b454cd45d0bf3543006f9daf95a5788e5984616353ff2c63b6e3ea75c7d54f55574b62a19c18299a9cd5b4ecdcb213b7b9ed82847fe68d1a8b86250ac502542baebf0934f6a43388a949922526961e48fdc7674a565b61a79d68215ca28dd348bf98ca93eff00cce74de78219ee6970f1523a6fae7a70010f20ce1bdb033fed1a346af4e28ad7536e5c8447976c3398024f33530b7a8ee36f928637afa61222165478864a9f638c71c696f42d213d57151d354c4d4b5549295264c90153732afb9f28fefeda346bb9f39b0e7411709241fbb7ac0645bc93485249baa846ed9bb874db0deef43b7a2efd4a57c91c02a103609051c1041c1238c8fd7468d1a8ff008d1d234e66e23ca62fe2632ad34e1f31ffd9, 'http://wow.zamimg.com/images/wow/icons/large/inv_chest_mail_raidhunter_m_01.jpg', 3),
(20, 'Warlord''s Leather Leggings', 0xffd8ffe000104a46494600010101004800480000ffdb0043000503040404030504040405050506070c08070707070f0b0b090c110f1212110f111113161c1713141a1511111821181a1d1d1f1f1f13172224221e241c1e1f1effdb0043010505050706070e08080e1e1411141e1e1e1e1e1e1e1e1e1e1e1e1e1e1e1e1e1e1e1e1e1e1e1e1e1e1e1e1e1e1e1e1e1e1e1e1e1e1e1e1e1e1e1e1e1e1e1e1e1effc00011080038003803012200021101031101ffc4001b00000203010101000000000000000000000005020306070408ffc4003310000201020503020405030500000000000102030411000512213106135122411461718107152332911642a1336282b1c1ffc400190101010100030000000000000000000000040503000206ffc4002d11000201020208060203000000000000000102030011042105123141518191b1226171a1c1f013e1425292ffda000c03010002110311003f00f8deaea2a2aeaa6abab9e5a8a899da496595cb3c8ec6e5989dc924dc938dae412c997747d3cb4d33d3cd555520678c59991401c8df96b613e5996ace69e0a58fe22499b48503773ec3e58d6545345599845975154b2d351a0891a323d64b5d9879bb1dbe42f804d22c8eabb8667d05fe7b56e2d0a96635eecb33acd59a189b32996391d54bc8a24d0491ceadf8b9c75ec824a8a9a6cbe67cee5a059e69e0a34448d9218a2898a3cc0a12eccc05fd80040f38e15573d450cc94c8b14ecf124ad215b32961702ffc635b97f57502d1835b9666bf18aa741a5ab8e38d589ddac549dfdc0237f1c620e98c019d54c4bd00f9b7d1e756b038940a6eddea3d4d9be66b5e552a9e06993b92c4029113ea60d66e6c48d43c036f6c66d2a27cd28338a2aaab9ea08a569e14958b5991d4922fc10ba8eded7c555f9c54cf5a0bd3430c323ac62fbf6d2f6dbf9e7df1ee10c991e670d74ef255468d2c72c56d3a90eb8ce9b7be9d56f9db1462c3848028035f76cda0df6f2b6da162b149f976e47d7ef9d731a596a28ea22aca59e5a7a882412452c4c55d1d4dc3291b8208b82306345d6d90b6535b2446a44b17fa90b2a59648d806561f506f8315e0996640ebb0d4e910c6daa6b4fd1f969cb3a7e6ea133de493b90d220e55c2fa9fe56d42d6f7231565f9c250b0ed2bc9bdc4508173e2ec41b73c8048fae0cfe67194e4543048561fcbb5337fb9dd836de7d005fc0c4b29a7829292a250ca234425a5b7a41b1205cf2755b6e7ed81e1d5840d2bff00327a02401f78d638f689a411ff005ee40bd2acc67967a8352d11844aaa552e4d940b0dcefed8952d644d08791c6a5fdc0fd7119e259239ae4285623f7716d86214190e6198e459ae794a88d499576854ddbd5fa86c2c2dbdb93e0634631a2ddcd85c0ea6c0733952c02325a80796a5b4defacd97dac2fb61f54e7bdf454a9825a773a83f706a463c1b1b5c6e0f900df8c23a18a36899f50fb9e30e61115564ed181ae4517900dca8b2907e9bb6ff00cf38e300a41144c50564bb8bd35962873fe8ca6a49a3d55194891d1ee49784bee0db82a5aff46f960c29e92530e6d3d1452878e7a3a854b5c9de263a7f917c1813c62199d4b581cc73bdf7f1bf5a641307854a8beee9faaa3ace9ebe2cdd667a6b53c91ac54859859a38c69d76078241373cdce295a2a89a38ea6a65ef389511136d2a7736f0360361e70c3a9b2f963cae8ab29cc92d15041da98a91dc472d71a81e01d405c5ec76e6d84f4b29a99bbf5975a686c1638f6d23c283fdc46e49dfcf8c6f85935f0eb63b32e9f3b0f3ac6785ff003fbfdfbbaa9912311921909f237ff38da745a2ff0041555176c39cd22ab91ecb7d2238ed1dfe7a83116c61b37778eaa50a548bdc8ffdc6df20a88a8ea320a007f45a8e312873b5e52cc4fd3d647db03d2a498140e37ff22fded4dc20f19bfa75cab0b46c8f18636dc5f718f7a5219543a4bdb7487b8aea6f601c83c78bff008c2487bd04cf4af64689bb6fe6e0db0e2b9b649699dc4f08f59bf9f1f2e01bff00d1c57739e5be80ea59481b6aec84e66bd4b452431acb551cc1d555954c9beebb902e46de4df0619741e5d2d6557e7b322c54948594efa55e5d3e954e4deec188e00f7dc0c18f37a61924982840daa2c6f7c8edb644552d1c8f1c572c45fd2b571cf0d17e1f6679b488bda34ef1e86f5091a4b2a03e45db57fc7ef8e734e69a58e8e26aa11c9aca3865d291a79f7b93b9bf93830615a1e3d6591af9eb91d065debb639bc483cbbd3de82e9da3eabeab34b3bb3414b4cd3b221b77f4b0509abfb41b8b9faf1c86b9de5550d9cfc66ad1620ac4a2c1146caabe0002d6c18313f1f8995348b457c82adb9defd69586851b0c1ed9927da967e23643050be5b9ff006fe1e5cca591678156c35280c645f1aaff00b7cf1b6c336f2d2c53accd5248684c8a6317224f0478e47dce0c18ada19de7c1abb1e2390240e96a0e355639d801c3b5740e99aba6abfc3fa090a430c74465a7a86042d9afac39bfb1561bfc8f183060c120d1eb34b37888b31f7cfe6b67c498e34caf71faafffd9, 'http://wow.zamimg.com/images/wow/icons/large/inv_pant_mail_raidhunter_m_01.jpg', 4),
(21, 'Champion''s Staff', 0xffd8ffe000104a46494600010101004800480000ffdb0043000503040404030504040405050506070c08070707070f0b0b090c110f1212110f111113161c1713141a1511111821181a1d1d1f1f1f13172224221e241c1e1f1effdb0043010505050706070e08080e1e1411141e1e1e1e1e1e1e1e1e1e1e1e1e1e1e1e1e1e1e1e1e1e1e1e1e1e1e1e1e1e1e1e1e1e1e1e1e1e1e1e1e1e1e1e1e1e1e1e1e1effc00011080038003803012200021101031101ffc4001c0000020203010100000000000000000000000506070204080103ffc40033100002010304010205020309000000000001020304051100122131061314072241516132c1235291151642718192a1f0f1ffc400190101010003010000000000000000000000060503040708ffc40031110001020404030605050000000000000001021100030421053141511271810613142261b191a1c1e1f0323342d1f1ffda000c03010002110311003f00e67f87024aef266a8aa95a692463248f21dccedcb1249ec93f5d599f17ec135298ab29a405726454504153c06c7671fa7faeaadf871705b6dfa299949e71c1c77ae8ead6fef051234d1a44658d56368d76849910853f7e427273f4eb9c0dd9b5a68d32262bf6895256767620b7a33f204429a052453242b2720fa3b37b4575e117815b04d29a7f4dfe556e7ea338fdf52bb878bc77b921499118cae22f4f20b89091800719071d8cfdc8039d4512d974aba1aeabf1ba43250d301ee1e34cbf21893827a183d7efad2b0d55f845355d15e9d982159237009917182371ce38c8cf633a9d8be232a9eac4ea498ca66516f2ab63777b3396cc38de27566394b4b37890a72cca2d63b1be7cdbd619bfc2b82662e9247f4caf607f975a92f87f87dbbc5ea639ae372821a3c87990bfcd2e32385ed880dd0c83c67595aee76fb8f8bc170a869d8c6c28fd9c2a3d492a581e55770058843f375c7634a2beef26f431d0da295d881e9b06767008c06938c1fc81fb6b253d6e2d88a168a742750480906fb126c7660f1529e6cda94f14840b8cc36bd6def087cded5134464a1ac91e7a494cb4d32c663631ee1b655e7233f29c760f7d68d3ab8c82a27813dbac0c8aeaf862c1c1c1e33f4ce7efa357f0d9736a29819ae160905f371f56ce36a4d11a84712aca0e0f4fb4529e394ed5174855412430eb5d291a4b45e374e8a77cd3ef957071b06d6c11fee1fd75587c39f0ea98ea56ae7054ee0572b903f27ed8d58974ab86378a2104d397768a9a2810bc939500b6d03e8b8e4e718c1cf3a858e8e0a7974bfc947888d800c3e2493c8468772a934c25abf528bf4d220549e755cbe1d43e3d0a2d3fb02db4c29b0ee2c776efe63f93a73e8da27b3c77ba79a282b3045c2919b6ee033fc68c76c09c02075fe99296ede39ee6bdebe929e5b796cb4aa5bd5566273904636ea71f0d51acf455353eb5354dc6af6334f4ce76c2149da8858671904b630096c7f84125b1aa5a89602960a48d0d9c64c5f4fb3410abc0aa66cd12e6128f56d3916fb67cd4f8f5b2ae9bc7a1ba54c6d147555751eda370433c69b57d4c1e402c5860fd54ea055b4d512d74b2162086cf7ab47e24c9fd8b7eb7ce6332d4575498d84929631aa6dc832119206ee323afbea35596e8aa29457513878a51bbae81d3fec3ad35940a40377e2e86df2219e1fe01468f0c69417282fd0884f0dc5990134eccea36e73d8fb68d642dc502b03bd7079c68d3234a5ef16fc32c67135b7deea24b3cb4b4f0c49ea2a2fb93f33a80492abf453c2f3de0718c9cadf2d8a5b7dd6e4888fea51c30c34cac0e5226895f23f0cc58e7fe78d563e377a6a28de9e58c4b0c980518f1a9ebdfadf5c639a02f4e541528e77e413d6783ff00ba214586265578ab9191771910486243e61cbb588bb6910691085cf13d0798c99c1b8dee5f7f9446ad976af82a73ea3b65bad4bae135cdad4b73b55cab680c2419e3a6751b81e8b6ee081f6fc9d44ea15455158976ae793f7d4becc454da6a28d0e2464f979c723a1ff7e99d269f8722b69972660e22c785db3d19f7cbd62ca293c4c89925772c5b77d18fe3c655f77f23f26a9a0a1969d6e171a4deb14e8ab1ad4c4c36cc08276aca17390bc90723231ad0b24b3410cd207669d6e387564209592204023b1cc64e3eedf7075edaa9122ba355d352496d9154c52d3842f16f39c6c3c95c649dad91d818eb4c2a5ee505bee7592d14954f6f10bb3984c4b2991f6ed24120e0e7057f57e0eb924899e1169ee3cac433598bff007f8d680d2e6ae5cd4a81215bf2ff0023ca8a65254c7f2c67248271a35f6ae93dddba19d10a2b8c95fe5c71a35e81909e294953f13805f27b0bb68f9b475d425250939b805f27b66da454f62a58eb09872aaca324b69b5b56922b8221f9555b05893c9d1a342e959284a9aef01a89932d0b6bbfb43cb85049ee3318f93b040e0eb6ed4b2412fa8700e8d1a572e5a52b710ba5c94a17c421d7b9a2ab496967a55db32956618c8cfd7aef5af67f227f199abbc67c91ae970f10aba78857434853d42aac5e3752c72a5645e7f57cbbb8191a3468e76cf0ea69987f7c51e60a00116ccfbbdc1cdfac47ed3d3cb5517886f32480f95892e0efbc2bf87a27f692c15352dfc44f562899b20aef7532267b52477d67468d1aadd939866e1682ad0a87c14629765d5de61a80ad091ec7eb1fffd9, 'http://wow.zamimg.com/images/wow/icons/large/inv_staff_2h_demonweapon_c_01.jpg', 1),
(22, 'Champion''s Cloth Helm', 0xffd8ffe000104a46494600010101004800480000ffdb0043000503040404030504040405050506070c08070707070f0b0b090c110f1212110f111113161c1713141a1511111821181a1d1d1f1f1f13172224221e241c1e1f1effdb0043010505050706070e08080e1e1411141e1e1e1e1e1e1e1e1e1e1e1e1e1e1e1e1e1e1e1e1e1e1e1e1e1e1e1e1e1e1e1e1e1e1e1e1e1e1e1e1e1e1e1e1e1e1e1e1e1effc00011080038003803012200021101031101ffc4001b00000203010101000000000000000000000006050708040102ffc4002e10000201040201040103030501000000000102030405061100122107133141511422321524611617236281d1ffc400190101010003010000000000000000000000010200030504ffc4002211000202010403000300000000000000000001021103122131410405511361a1ffda000c03010002110311003f00c832c9355d44d5b595124f3cce64965958b33bb124b331f2493e767e78ed837a41ea366b486bac189d5496f082435b52c94b4e53641659252a1c0d1df5d91ae39621261782e366ba82d76abfdfc44af5d7bbc402a682dc586d62a5a7df59aa3e0f66f0a57eb6c020e719d5e3277fd3d4dc6bab6923fdb1feb2632ebeb6884f487600f0807c7fe70be879e465bb7a518d6353aa65deaee270f789dd61b0a4b759c3afcc6c115511b7a1fb9c7dfd0df2aef694c6cc3b6c7f1053c9ff00e78f3c1005f80073ebb36b5f40fe3881675bbd2dc42ff4f0cb8d7acf897bacabef437e8e6b61898a762bd99595b476360ebc7cf9d722333f47bd43c4ace2f576c6a592d057b8b8d0cb1d5d374de839922660aa4fc16d7c8e23b69bf90078fde96fa955587557b753472d5d13afb6cf4756f435912e986e3a888863aec74b2774ff00afc101857f0cb2d354435947512413c0e248a5898aba303b0ca47904100ef873497aa361c333bc3aa730b3cf4d5cb16e35be52528a4aaa797b7658ae7488a232183328aa882f9e8197aa9e1c40cf974b83d5c14746074a6a2842c7101a1dc8dbb11f64b6fcfe00e48e0587e439d649163f8cdbdab6ba453230d8548a31f323b1f0aa3606cfc9200d9201b8b17f47f1cf573198eaf0dc8e2b566d0c2ad5f65bab04155fb41f7a2ea3b00c086ec14a92c37d3ee0b05b7669e92c974b8e416636ea0ba3cb6191e7896a639e45dfb91048e5491d7e47b91b683af5d9fdc3856943aac89f50bd15c8311c525c9e2bfe35915be965586e06cf5befb50b39013dd1af1b63d7c6fcf257fd9ca65c323a49aef12673356aaad0193512034d2c8b467607f72cd1907cf55601090c75c9fb5dc6df6a5bfd3d968da91a4869e8cd9ea654fd448d0b072f2c6bf0cd26801b62149db13f3695d70ec128fd25ababc82235f91ad109aaae293b3d45349eeebb47e48454919b4a3f90525b6ccc79c5f61ee21e16484249b7275495fcfe6e53718c753337e07e935d323c6e5c9ef390d870fb2254b5245557a9cc46a275d7648d35b6d6cec8f82ac3e8e95733c5ef188ddd6d779851259614a8a79a2916486a6071b49a2914957461f0c09f820e88205cab76acb95cad14593522dd6a71fa9aab84d4f0c9ed7f538a7ec659514328697bb062361986c2ebe38b798e3773ce286dd2fa7d6a8eab1fb44f0dbd116a42b47535936957fe57ee10c8caa1982804fd805cf571e5d6930daad3b45778a6475b8ed7caf4d33252d6c469abe2f949e06fe4acbf07f23fc81c396fe43e8c5b3d2ec722bb67d7b4adcb2a53bda71eb59ee436bc3cadfc8aa9deca80a0a7cbefaf0e6e688bbdd09780fa9315ae3a2a5c8ed92d7a50bc6682e54737b171a14527691ca3cba10c4047da8d9d6b967fa7f9d57d5562534592d25faa2b2077b42d6044a8a2bacaafd3b175f3d4b4ba653d4c8e188d95e66a56ea078e7d248c922c884a3a904329d107f3c870f9b1b13fa699c72f5706b5631435ef6ba8a1b1cd1ddc50b522c734ad4edfdec7a23b9ab4525d9189edbec3e3f6a05fe8b359f22b8e311435b3c06a679fdc00b52cd4ee4b254071e3a74fdddbebefc923939e9be571e5d14d3dcaaa786eb4c8b3574b18f764ed1f88ae714406e496253d668c6fdc8431d761be32df6db94db703a15acca659f13abab9cc764a57e88f491bac6641525438a56919880c00f65436f7f1c9cfe3e779bf2638a7b6f7d7ed572fe2749f6d5119218e4a99c18dff00a8e9317aaa292e14f4b66b950c174ac9aafaee8e9211ed4133315efde52aad0c69a62cdf8d93135b75aab3ff0053a1acc8a8ac7356412c9704580b5433340cdec2201d159d5630cc49d4ac8468aec1ea4e574b89d2456fb5d4c57167905725688cf5b8568d21a95dfc52c214c74e9ad120bf91e3945544d2d45449513caf34d2317791d8b33b13b2493e4927cef9efc509355c1718c31c690db93e5f4929aa5c7e92a629ab3b1adba57cbeed754763b23b0fda8a7f0a364681275c389cdf1c39e88c145036d9e10caed1c88d1ba1ea5586883f60f0f1f9e1c3940745beae5a1afa7aca79658e58240ead14a637041fa61e54ff0091cb9eaf2fb2dd2cd6a59afa5b1ca4b84d3bdadd3bd6431bc71f6a2453e0c47db0ab26c0500f8de949c38495aa0ed329ebddc8dd2e5355f568e26622084ca5c4110fe11027cf555d281f81ce2d8e1c38a542780333ac71a17773a5551b24fd003870e1cc30ffd9, 'http://wow.zamimg.com/images/wow/icons/large/inv_crown_01.jpg', 2),
(23, 'Champion''s Cloth Armor', 0xffd8ffe000104a46494600010101004800480000ffdb0043000503040404030504040405050506070c08070707070f0b0b090c110f1212110f111113161c1713141a1511111821181a1d1d1f1f1f13172224221e241c1e1f1effdb0043010505050706070e08080e1e1411141e1e1e1e1e1e1e1e1e1e1e1e1e1e1e1e1e1e1e1e1e1e1e1e1e1e1e1e1e1e1e1e1e1e1e1e1e1e1e1e1e1e1e1e1e1e1e1e1e1effc00011080038003803012200021101031101ffc4001b00000202030100000000000000000000000005060702030408ffc400311000020103030302040407010000000000010203040511000621123141135107142281236171822432426291b1c172ffc4001801000301010000000000000000000000000001030204ffc4001f1100020202010500000000000000000000000102112131120322415181ffda000c03010002110311003f00f1b54cf3d554cb53533493cf2b97924918b33b1392c49e49279ceaf1f859f0fe8ee5f0b1b726d8a6b65ef75cf50f4c29eee13d1a628464451be6392521e323d53d383fcbef586ced8fb8774c3255dbe94456e864114f70a96f4e9a273c852e7bb76fa464f238d5d5b6edb71f8436c9a3b9cf5572b0dc0876a8869d94525405c750018931ba7d25880785e38d57a717b0a2addd83e245057486fd0ee0a07eb20298de184738fc30a0205e38e8e3db4869aff7aa5aa12adeee51b12049d3552a1600f6241d7a16a3756e234f0d5596fd57f28ec4ac94d50dd249fe9619c0c65bdff3ec350bf899f16ef7490b6dfb5dce69a7fa96aeaa4e86e8ce418d383e0f24f208c0c60e6cfb72d85119b4ee792bd8477634f713d3d319aba68e6907823a8a963c7f778d3a82c1b46be5690d8a9cb3f388aa658c0fda1b03ec06aaa1736f50bb45d6cc7a8966c9cfbe7536d8db8a89667a8a99160a8857f0c3c2d221661d21885e48048fa7cff9d3528cc0dfbc2c9b5366d347534f3df61bfbe26a2822ac41f2c410c923b08c15c770a0f576395c824d47f786df95209afb1df05e4b4c3e6e468d924566ecc431e413919f1c7be8d426a49e150596c6c5bb6dedc368aeafdd35b5564b4db285e3db96e8d8a52c6156402495e301a491a4196e3f11cf208e951637c44bb88f6950144513dc6259044571e942382dcf20963d3dbb2b71ce7550ee2868f6f5b76dc713bcf7186d14bf2f4b2ae2249e40d50d2b21e09413119e79238c9242cda157747bc5c6dd73ae927abab884e92cd963d60023bf7043038ed81c6ba52b1a33bac32d2549aab4b9a79572d2c41ff0e40c08278e54e0e4107bf8f3a4f47b2a96fdb64dc6d354d15e68cfa75f4554e0faaf8660e8fe3a803807827233c7320dc5576b9ad9676b6db4d2d6a52c91d7753754952dd5c48ec00e7abd450bdd5700700008ecb5b71b54f5151431464cd4de9b7a83a954060c1ba4f04819033ee74dab40c80d652c903c8b346e9229c32b2e0a1fcc69ad8608e1b64d5351d204c42c60f73d3ce47df8fb1d3edc773abaeb707bbc143553088cb1d4227a6e54e3009190471db8d72d8edb72be35ba9e97d26a9a89c5247d44045ce3a78f1c67ec06a6a094ac54c63b44a4567bedd2a259a586048206a404fe3a4dea759fdaa84e7b7bf7e0d6ed9f6882e345534f514fd35452548583e33d4aca0b63c0931e7072346a83f83d1d5bef77cdb91dbe522bd571868a03f5353538708809f3c7071dcae7b92348f7b5e95be2257dc610120a5aa582118e1218c7a4140f6e91a9d6cc863b1daedac6272d6bb6b54c8187690ab498c7fee41fe354e3ab5441275f264049fd4eb59e2647db82578eb4c36f012a2a9fa88c7f59ce5873e07fbd61b65a34f99a0b8317a5867896765219c42cff00595ec73c11fbb5b6c103dd0bd6c6b9c85042606182e5ce3f339e3f2d21b6d57a7798a620f44ae6193f3573c673db070749e2985e4906fda8a0ab6b84f456f8e8292a2b57e5e957188158292ab8c0032a4e071ceb8b674f21222499a19240e12404f502be07eab211f6d6adcef8a3869f182652e47b6063feeb9b6acaa97da26638fe202038cff3a95ff83586ea46bc8d3e766a1deeab4091661a6484c24f4a4aa707a4e3b678c7b1c1f1a34bab2ada9b7b56d7120986b7b1f656c7fa1a3548716b2c56d169ee8b8c526c2ba5c2170ed5cc9044cb90002d99011e31803079c9c783aa9938438f03468d0b498992adb5fc1edaaba953c88251f7385fb77d40e45072b9c0eda34689fa03bee95a6ba9296663f5f4744a3c8932739fd4283f7d70d3c8c9eab21c304eb1faa90dff000e8d1ae76dec7b3380bcf134af969277666c724b31f03468d1addd24147fffd9, 'http://wow.zamimg.com/images/wow/icons/large/inv_chest_cloth_43.jpg', 3),
(24, 'Champion''s Cloth Leggings', 0xffd8ffe000104a46494600010101004800480000ffdb0043000503040404030504040405050506070c08070707070f0b0b090c110f1212110f111113161c1713141a1511111821181a1d1d1f1f1f13172224221e241c1e1f1effdb0043010505050706070e08080e1e1411141e1e1e1e1e1e1e1e1e1e1e1e1e1e1e1e1e1e1e1e1e1e1e1e1e1e1e1e1e1e1e1e1e1e1e1e1e1e1e1e1e1e1e1e1e1e1e1e1e1effc00011080038003803012200021101031101ffc4001a000003010101010000000000000000000000060705040803ffc4003310000201030302040405030500000000000102030405110012210631132241511432618107247191a133d1e15262b1c1f0ffc4001801010101010100000000000000000000000304050702ffc4002a11000104010204040700000000000000000100020311040521121331510691a1f01432417181b1d1ffda000c03010002110311003f00f380fc3dea0aeaa9abee954a2499ccb24955296925624962d8258b12793cf7ce7d74d23f0ced96fb752dc2586aeb8ca164658d5cc2a81bcfb82f9b81c7cea7d00cf3acf93aaae71c2045474c76b875f893e21dc0921b9390413e98c6b35af9d472d57c4b5e1a899be7f0177213d8123819c7afd07b6a131664876343dfe56ab64c189a411655c3a0a83a4800f4b6ce9fb9532d431f1a9ad51c92c6a0b10cd1ca1e588602f2772827019b1aa25cfa86d96a4b7cb472d6219c2d44145475af04b53171e7dc9fd084e796232c0623072597c98925c92b63ac176a8f888db7c33a10a54e7e6565039edcf7d6ed4452dfae32dc6f1526e1573c9b9e6a9cb3138e49273c600fd80d3b749924938ed09d4a363397c361572e3d57d316de9b8ba76e1d4341573d49084246d225200e77166dcca4819c0017ba8c1e48ce3d5dd2542d2b51dee86795862393e053b6390f9c6e6246776063db48347d3769adaa0f15052c348a063f2cbba66fd86076c0eff5d35592c1454de2ac54e201200024308f37d49ed9fd3443c38c65973cd9561f1148f01a19eaa59f8c3594b53d4547d5561ad10d40d8b2353e6368a58ffa6ea41c8f2a8030720a67d468d50faf7a38dd3a6ea9628ea54431b4b034a57e7519c01feef97efa355b62e500cecb22590c8f2faea91a5a182590479963cfa9875f296d6606648ea633c767f21fe74cf4f768146144520f66ee35d865a3b8a00234571cec2b91f6f51f63aac20a0a715f47574aa674431f72c31fcfb1fd75d543726a8921823f2efc6ec7b8e48ff8d39d5d8a568182401e2901dcaad9078f63fdfefa915a2558ef94f1a8625a4f08b78991cf1c71efab9af11807ba02de22addd395b4e92a2b412564c17090236003ea58fee71aaf5aae172a9b02a53d4d0d28c6dcaa8c003b81eac7dc8c8d406c26382b0c6d203e6e40edfe754aa7bc8784292247006d8d7b01d80ff001a236e341235d4375ad708a466fcddd9aa303e58a2076f3fea3a349dd5d779e080cb2b885719289c634685cca2903ed4823ab8a5198a5fdbd3edad2b6dc268655c36e507b13ad1abb65148499208240e38655c127dc11fdceb8d2c2ab2834d2cd4ca4faa6f07ec718d40cce61f9852da9340c806a320fa276a4ae86ae915b0eb26395c827f51eba8251c8b0dc2390aa85593b373b79ffad5c6dd63ad347bd2ea2319e37db9cff2ac46a2378a634774aaa56996768a66469141018838246403aa24cc8a70046770a3cbd1f2f0007e43283ba6e0fe8a7c92e2eb22cb0b0512a87dd9f43a60e96bc564f31a7b5533564bc6e6ced44fab37feeda43b27c1cb4514ad09690121bc46cafd974db63bda50ca8648d885f97cdb003f4c608d14d9ef693cb1bab34ed1e299cd390fa69edfdfa79154a97a360ab686b2f350b709949610825615cfae0f2dfa9e0fa0f42697aa7af7c1a0614c91c4c782c08f2e78c8c679fa9eda35864664c4b8b8fbfb2e8026d130408e9bdf7a27cdd654ba3b8d65136c91d9832f7cf7d74d3dfaa1a51e140f363ba87da07df468d6f7c2c6e72e6716ab92c141c9cad35d78a8a448e3a7a2a512614b3132363ea3df9f5d47ef0caf76ab744640d331dac30473c8d1a34f3e24503018c5128a7d572f38f0cefb03a74dbc82eeb0c6b3d2cea22cb46436edd8e0fa7f075d51d22330deac3eda346bc340a1b29f8dc360533f48d0d03d50758a150bcf8929242e3d703be8d1a35a0c34da0a571b3bafffd9, 'http://wow.zamimg.com/images/wow/icons/large/inv_pants_cloth_05.jpg', 4);

-- --------------------------------------------------------

--
-- Table structure for table `equipment_attribute`
--

CREATE TABLE IF NOT EXISTS `equipment_attribute` (
  `equipment_attribute_id` int(11) unsigned NOT NULL AUTO_INCREMENT,
  `value` int(11) unsigned NOT NULL,
  `equipment_id` int(11) unsigned NOT NULL,
  `attribute_id` int(11) unsigned NOT NULL,
  PRIMARY KEY (`equipment_attribute_id`)
) ENGINE=InnoDB  DEFAULT CHARSET=latin1 AUTO_INCREMENT=43 ;

--
-- Dumping data for table `equipment_attribute`
--

INSERT INTO `equipment_attribute` (`equipment_attribute_id`, `value`, `equipment_id`, `attribute_id`) VALUES
(1, 20, 1, 1),
(2, 10, 2, 1),
(3, 10, 2, 4),
(4, 10, 3, 1),
(5, 10, 3, 4),
(6, 10, 4, 1),
(7, 10, 4, 4),
(8, 20, 5, 2),
(9, 10, 6, 2),
(10, 10, 6, 4),
(11, 10, 7, 2),
(12, 10, 7, 4),
(13, 10, 8, 2),
(14, 10, 8, 4),
(15, 20, 9, 3),
(16, 10, 10, 3),
(17, 10, 10, 4),
(18, 10, 11, 3),
(19, 10, 11, 4),
(20, 10, 12, 3),
(21, 10, 12, 4),
(22, 160, 13, 1),
(23, 80, 14, 1),
(24, 80, 14, 4),
(25, 80, 15, 1),
(26, 80, 15, 4),
(27, 80, 16, 1),
(28, 80, 16, 4),
(29, 110, 17, 2),
(30, 55, 18, 2),
(31, 55, 18, 4),
(32, 55, 19, 2),
(33, 55, 19, 4),
(34, 55, 20, 2),
(35, 55, 20, 4),
(36, 70, 21, 3),
(37, 35, 22, 3),
(38, 35, 22, 4),
(39, 35, 23, 3),
(40, 35, 23, 4),
(41, 35, 24, 3),
(42, 35, 24, 4);

-- --------------------------------------------------------

--
-- Table structure for table `equipment_slot`
--

CREATE TABLE IF NOT EXISTS `equipment_slot` (
  `equipment_slot_id` int(11) unsigned NOT NULL AUTO_INCREMENT,
  `name` varchar(20) NOT NULL,
  PRIMARY KEY (`equipment_slot_id`)
) ENGINE=InnoDB  DEFAULT CHARSET=latin1 AUTO_INCREMENT=5 ;

--
-- Dumping data for table `equipment_slot`
--

INSERT INTO `equipment_slot` (`equipment_slot_id`, `name`) VALUES
(1, 'main_hand'),
(2, 'head'),
(3, 'chest'),
(4, 'leg');

-- --------------------------------------------------------

--
-- Table structure for table `user`
--

CREATE TABLE IF NOT EXISTS `user` (
  `user_id` int(11) unsigned NOT NULL AUTO_INCREMENT,
  `username` varchar(20) NOT NULL,
  `password` varchar(255) NOT NULL,
  `user_type_id` int(11) unsigned NOT NULL,
  PRIMARY KEY (`user_id`)
) ENGINE=InnoDB  DEFAULT CHARSET=latin1 AUTO_INCREMENT=7 ;

--
-- Dumping data for table `user`
--

INSERT INTO `user` (`user_id`, `username`, `password`, `user_type_id`) VALUES
(1, 'Joe', '$2y$10$4kEmSbNUVRVgSV4fqwOKfOB2EJSkoAW1iEyHeoWGkBHOJ.d3g2cQi', 1),
(2, 'Bob', '$2y$10$7l55fpEP9rY5PE1FeaSHjOZOTAk9ibKfP1Q1A0x2nhuC.5F9MNKH.', 2),
(3, 'Alice', '$2y$10$vSCSdATInckBaZNmPxM8QOs4Z4hO7clFGOygwY7maaSN12WTDpg9W', 2),
(4, 'Billy', '$2y$10$Y.tDTYMgjBAABQ8L3eKmgepMAI4X/MvbgmqdBRzGuai5Ep7AWdSfu', 2),
(5, 'Test', '$2y$10$wAzSmX70mYyOsk7YkVyWy.7XE6CmiUVU.CY5J3icQly8eahWbdqMm', 2),
(6, 'Test2', '$2y$10$qncvEwuEf.RoaQYEAdmyE.0vknJ.jhMp4QVPwpZrSbbbBonrI6rJO', 2);

-- --------------------------------------------------------

--
-- Table structure for table `user_equipment`
--

CREATE TABLE IF NOT EXISTS `user_equipment` (
  `user_equipment_id` int(11) unsigned NOT NULL AUTO_INCREMENT,
  `user_id` int(11) unsigned NOT NULL,
  `equipment_id` int(11) unsigned NOT NULL,
  PRIMARY KEY (`user_equipment_id`)
) ENGINE=InnoDB DEFAULT CHARSET=latin1 AUTO_INCREMENT=1 ;

-- --------------------------------------------------------

--
-- Table structure for table `user_type`
--

CREATE TABLE IF NOT EXISTS `user_type` (
  `user_type_id` int(11) unsigned NOT NULL AUTO_INCREMENT,
  `name` varchar(25) NOT NULL,
  PRIMARY KEY (`user_type_id`)
) ENGINE=InnoDB  DEFAULT CHARSET=latin1 AUTO_INCREMENT=4 ;

--
-- Dumping data for table `user_type`
--

INSERT INTO `user_type` (`user_type_id`, `name`) VALUES
(1, 'admin'),
(2, 'player'),
(3, 'guest');

/*!40101 SET CHARACTER_SET_CLIENT=@OLD_CHARACTER_SET_CLIENT */;
/*!40101 SET CHARACTER_SET_RESULTS=@OLD_CHARACTER_SET_RESULTS */;
/*!40101 SET COLLATION_CONNECTION=@OLD_COLLATION_CONNECTION */;
